[{"model": "admin.logentry", "pk": 396, "fields": {"action_time": "2020-12-30T12:39:44.361Z", "user": 18, "content_type": 4, "object_id": "15", "object_repr": "7004844406", "action_flag": 3, "change_message": ""}}, {"model": "admin.logentry", "pk": 397, "fields": {"action_time": "2020-12-30T12:39:44.371Z", "user": 18, "content_type": 4, "object_id": "11", "object_repr": "ashish@gmail.com", "action_flag": 3, "change_message": ""}}, {"model": "admin.logentry", "pk": 398, "fields": {"action_time": "2020-12-30T12:39:44.379Z", "user": 18, "content_type": 4, "object_id": "16", "object_repr": "raghuvanshrmrs@gmail.com", "action_flag": 3, "change_message": ""}}, {"model": "admin.logentry", "pk": 399, "fields": {"action_time": "2020-12-30T12:39:44.389Z", "user": 18, "content_type": 4, "object_id": "3", "object_repr": "rajtoshranjan@gmail.com", "action_flag": 3, "change_message": ""}}, {"model": "admin.logentry", "pk": 400, "fields": {"action_time": "2020-12-30T12:39:44.409Z", "user": 18, "content_type": 4, "object_id": "14", "object_repr": "rhlkumar728@gmail.com", "action_flag": 3, "change_message": ""}}, {"model": "admin.logentry", "pk": 401, "fields": {"action_time": "2020-12-30T12:39:44.420Z", "user": 18, "content_type": 4, "object_id": "2", "object_repr": "wrappers@admin", "action_flag": 3, "change_message": ""}}, {"model": "admin.logentry", "pk": 402, "fields": {"action_time": "2020-12-30T12:39:44.428Z", "user": 18, "content_type": 4, "object_id": "17", "object_repr": "wrappersindiaonline@gmail.com", "action_flag": 3, "change_message": ""}}, {"model": "admin.logentry", "pk": 403, "fields": {"action_time": "2020-12-30T12:39:58.587Z", "user": 18, "content_type": 22, "object_id": "1", "object_repr": "ashish", "action_flag": 3, "change_message": ""}}, {"model": "admin.logentry", "pk": 404, "fields": {"action_time": "2020-12-30T12:45:06.522Z", "user": 18, "content_type": 10, "object_id": "1", "object_repr": "1", "action_flag": 3, "change_message": ""}}, {"model": "admin.logentry", "pk": 405, "fields": {"action_time": "2020-12-30T12:45:12.648Z", "user": 18, "content_type": 10, "object_id": "2", "object_repr": "1", "action_flag": 3, "change_message": ""}}, {"model": "admin.logentry", "pk": 406, "fields": {"action_time": "2020-12-30T12:46:12.460Z", "user": 18, "content_type": 10, "object_id": "3", "object_repr": "slider1", "action_flag": 1, "change_message": "[{\"added\": {}}]"}}, {"model": "admin.logentry", "pk": 407, "fields": {"action_time": "2020-12-30T12:52:46.221Z", "user": 18, "content_type": 10, "object_id": "3", "object_repr": "slider1", "action_flag": 3, "change_message": ""}}, {"model": "admin.logentry", "pk": 408, "fields": {"action_time": "2020-12-30T12:52:58.700Z", "user": 18, "content_type": 10, "object_id": "4", "object_repr": "slide1", "action_flag": 1, "change_message": "[{\"added\": {}}]"}}, {"model": "admin.logentry", "pk": 409, "fields": {"action_time": "2020-12-30T12:53:09.416Z", "user": 18, "content_type": 10, "object_id": "5", "object_repr": "slide2", "action_flag": 1, "change_message": "[{\"added\": {}}]"}}, {"model": "admin.logentry", "pk": 410, "fields": {"action_time": "2020-12-30T12:53:17.104Z", "user": 18, "content_type": 10, "object_id": "6", "object_repr": "slide3", "action_flag": 1, "change_message": "[{\"added\": {}}]"}}, {"model": "admin.logentry", "pk": 411, "fields": {"action_time": "2020-12-30T12:59:36.516Z", "user": 18, "content_type": 10, "object_id": "4", "object_repr": "slide1", "action_flag": 2, "change_message": "[{\"changed\": {\"fields\": [\"Image\"]}}]"}}, {"model": "admin.logentry", "pk": 412, "fields": {"action_time": "2020-12-30T13:30:04.648Z", "user": 18, "content_type": 10, "object_id": "4", "object_repr": "slide1", "action_flag": 2, "change_message": "[{\"changed\": {\"fields\": [\"Image\"]}}]"}}, {"model": "admin.logentry", "pk": 413, "fields": {"action_time": "2020-12-30T13:31:30.638Z", "user": 18, "content_type": 10, "object_id": "7", "object_repr": "slider4", "action_flag": 1, "change_message": "[{\"added\": {}}]"}}, {"model": "admin.logentry", "pk": 414, "fields": {"action_time": "2020-12-30T13:31:50.837Z", "user": 18, "content_type": 10, "object_id": "8", "object_repr": "slider5", "action_flag": 1, "change_message": "[{\"added\": {}}]"}}, {"model": "admin.logentry", "pk": 415, "fields": {"action_time": "2020-12-30T13:35:48.176Z", "user": 18, "content_type": 10, "object_id": "4", "object_repr": "slide1", "action_flag": 2, "change_message": "[{\"changed\": {\"fields\": [\"Image\"]}}]"}}, {"model": "admin.logentry", "pk": 416, "fields": {"action_time": "2020-12-30T13:41:04.133Z", "user": 18, "content_type": 10, "object_id": "4", "object_repr": "slide1", "action_flag": 2, "change_message": "[{\"changed\": {\"fields\": [\"Image\"]}}]"}}, {"model": "admin.logentry", "pk": 417, "fields": {"action_time": "2020-12-30T13:42:43.297Z", "user": 18, "content_type": 10, "object_id": "4", "object_repr": "slide1", "action_flag": 2, "change_message": "[{\"changed\": {\"fields\": [\"Image\"]}}]"}}, {"model": "admin.logentry", "pk": 418, "fields": {"action_time": "2020-12-30T13:43:26.178Z", "user": 18, "content_type": 10, "object_id": "5", "object_repr": "slide2", "action_flag": 2, "change_message": "[{\"changed\": {\"fields\": [\"Image\"]}}]"}}, {"model": "admin.logentry", "pk": 419, "fields": {"action_time": "2020-12-31T03:43:00.514Z", "user": 18, "content_type": 19, "object_id": "34", "object_repr": "Orders object (34)", "action_flag": 1, "change_message": "[{\"added\": {}}]"}}, {"model": "admin.logentry", "pk": 420, "fields": {"action_time": "2020-12-31T14:25:02.896Z", "user": 18, "content_type": 7, "object_id": "20", "object_repr": "UserDetail object (20)", "action_flag": 2, "change_message": "[{\"changed\": {\"fields\": [\"Dob\", \"Sex\"]}}]"}}, {"model": "admin.logentry", "pk": 421, "fields": {"action_time": "2020-12-31T14:29:27.043Z", "user": 18, "content_type": 11, "object_id": "1", "object_repr": "men's wear", "action_flag": 2, "change_message": "[{\"changed\": {\"fields\": [\"Sub Categories\"]}}]"}}, {"model": "admin.logentry", "pk": 422, "fields": {"action_time": "2020-12-31T14:29:41.997Z", "user": 18, "content_type": 11, "object_id": "2", "object_repr": "women's wear", "action_flag": 2, "change_message": "[{\"changed\": {\"fields\": [\"Sub Categories\"]}}]"}}, {"model": "admin.logentry", "pk": 423, "fields": {"action_time": "2020-12-31T15:05:30.620Z", "user": 18, "content_type": 17, "object_id": "10", "object_repr": "10", "action_flag": 3, "change_message": ""}}, {"model": "admin.logentry", "pk": 424, "fields": {"action_time": "2020-12-31T15:05:30.627Z", "user": 18, "content_type": 17, "object_id": "9", "object_repr": "9", "action_flag": 3, "change_message": ""}}, {"model": "admin.logentry", "pk": 425, "fields": {"action_time": "2020-12-31T15:05:30.639Z", "user": 18, "content_type": 17, "object_id": "8", "object_repr": "8", "action_flag": 3, "change_message": ""}}, {"model": "admin.logentry", "pk": 426, "fields": {"action_time": "2020-12-31T15:05:30.646Z", "user": 18, "content_type": 17, "object_id": "7", "object_repr": "7", "action_flag": 3, "change_message": ""}}, {"model": "admin.logentry", "pk": 427, "fields": {"action_time": "2020-12-31T15:05:30.660Z", "user": 18, "content_type": 17, "object_id": "6", "object_repr": "6", "action_flag": 3, "change_message": ""}}, {"model": "admin.logentry", "pk": 428, "fields": {"action_time": "2020-12-31T15:05:30.667Z", "user": 18, "content_type": 17, "object_id": "5", "object_repr": "5", "action_flag": 3, "change_message": ""}}, {"model": "admin.logentry", "pk": 429, "fields": {"action_time": "2020-12-31T15:10:38.992Z", "user": 18, "content_type": 17, "object_id": "11", "object_repr": "11", "action_flag": 1, "change_message": "[{\"added\": {}}]"}}, {"model": "admin.logentry", "pk": 430, "fields": {"action_time": "2020-12-31T15:13:23.911Z", "user": 18, "content_type": 17, "object_id": "12", "object_repr": "12", "action_flag": 1, "change_message": "[{\"added\": {}}]"}}, {"model": "admin.logentry", "pk": 431, "fields": {"action_time": "2021-01-02T03:36:59.246Z", "user": 18, "content_type": 16, "object_id": "133", "object_repr": "MyCart object (133)", "action_flag": 2, "change_message": "[{\"changed\": {\"fields\": [\"Number\"]}}]"}}, {"model": "admin.logentry", "pk": 432, "fields": {"action_time": "2021-01-02T03:38:09.335Z", "user": 18, "content_type": 16, "object_id": "134", "object_repr": "MyCart object (134)", "action_flag": 3, "change_message": ""}}, {"model": "admin.logentry", "pk": 433, "fields": {"action_time": "2021-01-02T03:38:09.343Z", "user": 18, "content_type": 16, "object_id": "133", "object_repr": "MyCart object (133)", "action_flag": 3, "change_message": ""}}, {"model": "admin.logentry", "pk": 434, "fields": {"action_time": "2021-01-02T03:44:18.310Z", "user": 18, "content_type": 19, "object_id": "39", "object_repr": "Orders object (39)", "action_flag": 3, "change_message": ""}}, {"model": "admin.logentry", "pk": 435, "fields": {"action_time": "2021-01-02T03:44:18.321Z", "user": 18, "content_type": 19, "object_id": "38", "object_repr": "Orders object (38)", "action_flag": 3, "change_message": ""}}, {"model": "admin.logentry", "pk": 436, "fields": {"action_time": "2021-01-02T03:44:18.334Z", "user": 18, "content_type": 19, "object_id": "37", "object_repr": "Orders object (37)", "action_flag": 3, "change_message": ""}}, {"model": "admin.logentry", "pk": 437, "fields": {"action_time": "2021-01-02T03:44:18.346Z", "user": 18, "content_type": 19, "object_id": "36", "object_repr": "Orders object (36)", "action_flag": 3, "change_message": ""}}, {"model": "admin.logentry", "pk": 438, "fields": {"action_time": "2021-01-02T03:44:18.367Z", "user": 18, "content_type": 19, "object_id": "35", "object_repr": "Orders object (35)", "action_flag": 3, "change_message": ""}}, {"model": "admin.logentry", "pk": 439, "fields": {"action_time": "2021-01-02T03:44:18.374Z", "user": 18, "content_type": 19, "object_id": "34", "object_repr": "Orders object (34)", "action_flag": 3, "change_message": ""}}, {"model": "admin.logentry", "pk": 440, "fields": {"action_time": "2021-01-02T03:46:29.840Z", "user": 18, "content_type": 19, "object_id": "41", "object_repr": "Orders object (41)", "action_flag": 3, "change_message": ""}}, {"model": "admin.logentry", "pk": 441, "fields": {"action_time": "2021-01-02T03:46:29.851Z", "user": 18, "content_type": 19, "object_id": "40", "object_repr": "Orders object (40)", "action_flag": 3, "change_message": ""}}, {"model": "admin.logentry", "pk": 442, "fields": {"action_time": "2021-01-02T03:46:59.632Z", "user": 18, "content_type": 19, "object_id": "42", "object_repr": "Orders object (42)", "action_flag": 3, "change_message": ""}}, {"model": "admin.logentry", "pk": 443, "fields": {"action_time": "2021-01-02T17:31:02.231Z", "user": 18, "content_type": 9, "object_id": "10", "object_repr": "10", "action_flag": 2, "change_message": "[{\"changed\": {\"fields\": [\"Gst\"]}}]"}}, {"model": "admin.logentry", "pk": 444, "fields": {"action_time": "2021-01-02T19:26:11.985Z", "user": 18, "content_type": 21, "object_id": "26", "object_repr": "ProductSize object (26)", "action_flag": 3, "change_message": ""}}, {"model": "admin.logentry", "pk": 445, "fields": {"action_time": "2021-01-02T19:52:55.453Z", "user": 18, "content_type": 9, "object_id": "16", "object_repr": "16", "action_flag": 2, "change_message": "[{\"changed\": {\"fields\": [\"Gst\"]}}]"}}, {"model": "admin.logentry", "pk": 446, "fields": {"action_time": "2021-01-02T20:05:42.575Z", "user": 18, "content_type": 21, "object_id": "25", "object_repr": "ProductSize object (25)", "action_flag": 3, "change_message": ""}}, {"model": "admin.logentry", "pk": 447, "fields": {"action_time": "2021-01-02T20:05:46.880Z", "user": 18, "content_type": 21, "object_id": "24", "object_repr": "ProductSize object (24)", "action_flag": 3, "change_message": ""}}, {"model": "admin.logentry", "pk": 448, "fields": {"action_time": "2021-01-02T20:05:51.444Z", "user": 18, "content_type": 21, "object_id": "23", "object_repr": "ProductSize object (23)", "action_flag": 3, "change_message": ""}}, {"model": "admin.logentry", "pk": 449, "fields": {"action_time": "2021-01-02T21:10:19.584Z", "user": 18, "content_type": 20, "object_id": "23", "object_repr": "27", "action_flag": 2, "change_message": "[{\"changed\": {\"fields\": [\"Number\"]}}]"}}, {"model": "admin.logentry", "pk": 450, "fields": {"action_time": "2021-01-02T21:10:26.372Z", "user": 18, "content_type": 20, "object_id": "21", "object_repr": "25", "action_flag": 2, "change_message": "[{\"changed\": {\"fields\": [\"Number\"]}}]"}}, {"model": "admin.logentry", "pk": 451, "fields": {"action_time": "2021-01-02T21:10:33.189Z", "user": 18, "content_type": 20, "object_id": "22", "object_repr": "30", "action_flag": 2, "change_message": "[{\"changed\": {\"fields\": [\"Number\"]}}]"}}, {"model": "admin.logentry", "pk": 452, "fields": {"action_time": "2021-01-02T21:10:41.223Z", "user": 18, "content_type": 20, "object_id": "18", "object_repr": "20", "action_flag": 2, "change_message": "[{\"changed\": {\"fields\": [\"Number\"]}}]"}}, {"model": "admin.logentry", "pk": 453, "fields": {"action_time": "2021-01-02T21:10:45.893Z", "user": 18, "content_type": 20, "object_id": "20", "object_repr": "39", "action_flag": 2, "change_message": "[{\"changed\": {\"fields\": [\"Number\"]}}]"}}, {"model": "admin.logentry", "pk": 454, "fields": {"action_time": "2021-01-02T21:10:52.755Z", "user": 18, "content_type": 20, "object_id": "17", "object_repr": "11", "action_flag": 2, "change_message": "[{\"changed\": {\"fields\": [\"Number\"]}}]"}}, {"model": "admin.logentry", "pk": 455, "fields": {"action_time": "2021-01-02T21:11:04.443Z", "user": 18, "content_type": 20, "object_id": "17", "object_repr": "11", "action_flag": 2, "change_message": "[{\"changed\": {\"fields\": [\"Number\"]}}]"}}, {"model": "admin.logentry", "pk": 456, "fields": {"action_time": "2021-01-02T21:13:20.387Z", "user": 18, "content_type": 10, "object_id": "7", "object_repr": "slider4", "action_flag": 2, "change_message": "[{\"changed\": {\"fields\": [\"Url\"]}}]"}}, {"model": "admin.logentry", "pk": 457, "fields": {"action_time": "2021-01-02T21:13:31.339Z", "user": 18, "content_type": 10, "object_id": "7", "object_repr": "slider4", "action_flag": 2, "change_message": "[{\"changed\": {\"fields\": [\"Url\"]}}]"}}, {"model": "admin.logentry", "pk": 458, "fields": {"action_time": "2021-01-02T21:42:10.901Z", "user": 18, "content_type": 23, "object_id": "8", "object_repr": "WholeSaleProductOrders object (8)", "action_flag": 3, "change_message": ""}}, {"model": "admin.logentry", "pk": 459, "fields": {"action_time": "2021-01-02T21:42:10.908Z", "user": 18, "content_type": 23, "object_id": "7", "object_repr": "WholeSaleProductOrders object (7)", "action_flag": 3, "change_message": ""}}, {"model": "admin.logentry", "pk": 460, "fields": {"action_time": "2021-01-02T21:42:10.916Z", "user": 18, "content_type": 23, "object_id": "6", "object_repr": "WholeSaleProductOrders object (6)", "action_flag": 3, "change_message": ""}}, {"model": "admin.logentry", "pk": 461, "fields": {"action_time": "2021-01-02T21:42:10.925Z", "user": 18, "content_type": 23, "object_id": "5", "object_repr": "WholeSaleProductOrders object (5)", "action_flag": 3, "change_message": ""}}, {"model": "admin.logentry", "pk": 462, "fields": {"action_time": "2021-01-02T21:42:10.940Z", "user": 18, "content_type": 23, "object_id": "4", "object_repr": "WholeSaleProductOrders object (4)", "action_flag": 3, "change_message": ""}}, {"model": "admin.logentry", "pk": 463, "fields": {"action_time": "2021-01-02T21:42:10.945Z", "user": 18, "content_type": 23, "object_id": "3", "object_repr": "WholeSaleProductOrders object (3)", "action_flag": 3, "change_message": ""}}, {"model": "admin.logentry", "pk": 464, "fields": {"action_time": "2021-01-02T21:42:10.956Z", "user": 18, "content_type": 23, "object_id": "2", "object_repr": "WholeSaleProductOrders object (2)", "action_flag": 3, "change_message": ""}}, {"model": "admin.logentry", "pk": 465, "fields": {"action_time": "2021-01-02T21:42:10.963Z", "user": 18, "content_type": 23, "object_id": "1", "object_repr": "WholeSaleProductOrders object (1)", "action_flag": 3, "change_message": ""}}, {"model": "admin.logentry", "pk": 466, "fields": {"action_time": "2021-01-02T21:46:34.416Z", "user": 18, "content_type": 23, "object_id": "9", "object_repr": "WholeSaleProductOrders object (9)", "action_flag": 2, "change_message": "[{\"changed\": {\"fields\": [\"Status\"]}}]"}}, {"model": "admin.logentry", "pk": 467, "fields": {"action_time": "2021-01-02T21:48:32.956Z", "user": 18, "content_type": 17, "object_id": "13", "object_repr": "13", "action_flag": 1, "change_message": "[{\"added\": {}}]"}}, {"model": "admin.logentry", "pk": 468, "fields": {"action_time": "2021-01-02T21:49:45.746Z", "user": 18, "content_type": 17, "object_id": "14", "object_repr": "14", "action_flag": 1, "change_message": "[{\"added\": {}}]"}}, {"model": "admin.logentry", "pk": 469, "fields": {"action_time": "2021-01-02T21:51:18.941Z", "user": 18, "content_type": 17, "object_id": "15", "object_repr": "15", "action_flag": 1, "change_message": "[{\"added\": {}}]"}}, {"model": "admin.logentry", "pk": 470, "fields": {"action_time": "2021-01-02T21:53:31.797Z", "user": 18, "content_type": 17, "object_id": "16", "object_repr": "16", "action_flag": 1, "change_message": "[{\"added\": {}}]"}}, {"model": "admin.logentry", "pk": 471, "fields": {"action_time": "2022-03-01T11:16:52.426Z", "user": 18, "content_type": 10, "object_id": "4", "object_repr": "slide1", "action_flag": 2, "change_message": "[{\"changed\": {\"fields\": [\"Image\"]}}]"}}, {"model": "admin.logentry", "pk": 472, "fields": {"action_time": "2022-03-01T11:17:17.907Z", "user": 18, "content_type": 10, "object_id": "8", "object_repr": "slider5", "action_flag": 2, "change_message": "[{\"changed\": {\"fields\": [\"Image\"]}}]"}}, {"model": "admin.logentry", "pk": 473, "fields": {"action_time": "2022-03-01T11:20:10.623Z", "user": 18, "content_type": 10, "object_id": "8", "object_repr": "slider5", "action_flag": 3, "change_message": ""}}, {"model": "admin.logentry", "pk": 474, "fields": {"action_time": "2022-03-01T11:20:11.200Z", "user": 18, "content_type": 10, "object_id": "7", "object_repr": "slider4", "action_flag": 3, "change_message": ""}}, {"model": "admin.logentry", "pk": 475, "fields": {"action_time": "2022-03-01T11:20:11.252Z", "user": 18, "content_type": 10, "object_id": "6", "object_repr": "slide3", "action_flag": 3, "change_message": ""}}, {"model": "admin.logentry", "pk": 476, "fields": {"action_time": "2022-03-01T11:20:11.303Z", "user": 18, "content_type": 10, "object_id": "5", "object_repr": "slide2", "action_flag": 3, "change_message": ""}}, {"model": "admin.logentry", "pk": 477, "fields": {"action_time": "2022-03-01T11:20:11.355Z", "user": 18, "content_type": 10, "object_id": "4", "object_repr": "slide1", "action_flag": 3, "change_message": ""}}, {"model": "admin.logentry", "pk": 478, "fields": {"action_time": "2022-03-01T11:21:04.613Z", "user": 18, "content_type": 10, "object_id": "9", "object_repr": "slide1", "action_flag": 1, "change_message": "[{\"added\": {}}]"}}, {"model": "admin.logentry", "pk": 479, "fields": {"action_time": "2022-03-01T11:21:26.432Z", "user": 18, "content_type": 10, "object_id": "10", "object_repr": "slide2", "action_flag": 1, "change_message": "[{\"added\": {}}]"}}, {"model": "admin.logentry", "pk": 480, "fields": {"action_time": "2022-03-01T11:21:49.911Z", "user": 18, "content_type": 10, "object_id": "11", "object_repr": "slide3", "action_flag": 1, "change_message": "[{\"added\": {}}]"}}, {"model": "admin.logentry", "pk": 481, "fields": {"action_time": "2022-03-03T05:55:26.938Z", "user": 18, "content_type": 10, "object_id": "12", "object_repr": "slide4", "action_flag": 1, "change_message": "[{\"added\": {}}]"}}, {"model": "admin.logentry", "pk": 482, "fields": {"action_time": "2022-03-03T05:55:49.905Z", "user": 18, "content_type": 10, "object_id": "13", "object_repr": "slide5", "action_flag": 1, "change_message": "[{\"added\": {}}]"}}, {"model": "admin.logentry", "pk": 483, "fields": {"action_time": "2022-03-03T05:56:13.455Z", "user": 18, "content_type": 10, "object_id": "14", "object_repr": "slide6", "action_flag": 1, "change_message": "[{\"added\": {}}]"}}, {"model": "admin.logentry", "pk": 484, "fields": {"action_time": "2022-03-03T05:56:27.816Z", "user": 18, "content_type": 10, "object_id": "15", "object_repr": "slide7", "action_flag": 1, "change_message": "[{\"added\": {}}]"}}, {"model": "admin.logentry", "pk": 485, "fields": {"action_time": "2022-03-03T06:00:37.352Z", "user": 18, "content_type": 10, "object_id": "13", "object_repr": "slide5", "action_flag": 3, "change_message": ""}}, {"model": "admin.logentry", "pk": 486, "fields": {"action_time": "2022-03-03T06:00:37.770Z", "user": 18, "content_type": 10, "object_id": "12", "object_repr": "slide4", "action_flag": 3, "change_message": ""}}, {"model": "admin.logentry", "pk": 487, "fields": {"action_time": "2022-03-03T06:01:01.893Z", "user": 18, "content_type": 10, "object_id": "16", "object_repr": "beaty", "action_flag": 1, "change_message": "[{\"added\": {}}]"}}, {"model": "admin.logentry", "pk": 488, "fields": {"action_time": "2022-03-03T06:01:19.349Z", "user": 18, "content_type": 10, "object_id": "17", "object_repr": "cosmetic", "action_flag": 1, "change_message": "[{\"added\": {}}]"}}, {"model": "admin.logentry", "pk": 489, "fields": {"action_time": "2022-03-03T06:01:37.877Z", "user": 18, "content_type": 10, "object_id": "18", "object_repr": "beaty", "action_flag": 1, "change_message": "[{\"added\": {}}]"}}, {"model": "admin.logentry", "pk": 490, "fields": {"action_time": "2022-03-03T12:12:44.481Z", "user": 18, "content_type": 10, "object_id": "18", "object_repr": "beaty", "action_flag": 3, "change_message": ""}}, {"model": "admin.logentry", "pk": 491, "fields": {"action_time": "2022-03-03T12:12:55.836Z", "user": 18, "content_type": 10, "object_id": "16", "object_repr": "beaty", "action_flag": 3, "change_message": ""}}, {"model": "admin.logentry", "pk": 492, "fields": {"action_time": "2022-03-03T12:13:03.858Z", "user": 18, "content_type": 10, "object_id": "15", "object_repr": "slide7", "action_flag": 3, "change_message": ""}}, {"model": "admin.logentry", "pk": 493, "fields": {"action_time": "2022-03-03T12:13:12.015Z", "user": 18, "content_type": 10, "object_id": "17", "object_repr": "cosmetic", "action_flag": 3, "change_message": ""}}, {"model": "admin.logentry", "pk": 494, "fields": {"action_time": "2022-03-03T12:13:26.630Z", "user": 18, "content_type": 10, "object_id": "10", "object_repr": "slide2", "action_flag": 2, "change_message": "[{\"changed\": {\"fields\": [\"Image\"]}}]"}}, {"model": "admin.logentry", "pk": 495, "fields": {"action_time": "2022-03-03T12:16:47.947Z", "user": 18, "content_type": 10, "object_id": "14", "object_repr": "slide6", "action_flag": 3, "change_message": ""}}, {"model": "admin.logentry", "pk": 496, "fields": {"action_time": "2022-03-03T12:18:10.590Z", "user": 18, "content_type": 10, "object_id": "19", "object_repr": "1", "action_flag": 1, "change_message": "[{\"added\": {}}]"}}, {"model": "admin.logentry", "pk": 497, "fields": {"action_time": "2022-03-03T12:18:25.755Z", "user": 18, "content_type": 10, "object_id": "11", "object_repr": "slide3", "action_flag": 3, "change_message": ""}}, {"model": "admin.logentry", "pk": 498, "fields": {"action_time": "2022-03-03T12:18:25.812Z", "user": 18, "content_type": 10, "object_id": "10", "object_repr": "slide2", "action_flag": 3, "change_message": ""}}, {"model": "admin.logentry", "pk": 499, "fields": {"action_time": "2022-03-03T12:18:25.863Z", "user": 18, "content_type": 10, "object_id": "9", "object_repr": "slide1", "action_flag": 3, "change_message": ""}}, {"model": "admin.logentry", "pk": 500, "fields": {"action_time": "2022-03-03T12:18:42.261Z", "user": 18, "content_type": 10, "object_id": "20", "object_repr": "2", "action_flag": 1, "change_message": "[{\"added\": {}}]"}}, {"model": "admin.logentry", "pk": 501, "fields": {"action_time": "2022-03-03T12:19:01.846Z", "user": 18, "content_type": 10, "object_id": "21", "object_repr": "3", "action_flag": 1, "change_message": "[{\"added\": {}}]"}}, {"model": "admin.logentry", "pk": 502, "fields": {"action_time": "2022-03-03T12:19:24.449Z", "user": 18, "content_type": 10, "object_id": "22", "object_repr": "4", "action_flag": 1, "change_message": "[{\"added\": {}}]"}}, {"model": "admin.logentry", "pk": 503, "fields": {"action_time": "2022-03-03T12:19:51.786Z", "user": 18, "content_type": 10, "object_id": "23", "object_repr": "6", "action_flag": 1, "change_message": "[{\"added\": {}}]"}}, {"model": "admin.logentry", "pk": 504, "fields": {"action_time": "2022-03-03T12:20:27.628Z", "user": 18, "content_type": 10, "object_id": "24", "object_repr": "7", "action_flag": 1, "change_message": "[{\"added\": {}}]"}}, {"model": "admin.logentry", "pk": 505, "fields": {"action_time": "2022-03-03T16:00:14.318Z", "user": 18, "content_type": 10, "object_id": "24", "object_repr": "7", "action_flag": 3, "change_message": ""}}, {"model": "admin.logentry", "pk": 506, "fields": {"action_time": "2022-03-03T16:00:14.462Z", "user": 18, "content_type": 10, "object_id": "23", "object_repr": "6", "action_flag": 3, "change_message": ""}}, {"model": "admin.logentry", "pk": 507, "fields": {"action_time": "2022-03-03T16:00:14.515Z", "user": 18, "content_type": 10, "object_id": "22", "object_repr": "4", "action_flag": 3, "change_message": ""}}, {"model": "admin.logentry", "pk": 508, "fields": {"action_time": "2022-03-03T16:00:14.565Z", "user": 18, "content_type": 10, "object_id": "21", "object_repr": "3", "action_flag": 3, "change_message": ""}}, {"model": "admin.logentry", "pk": 509, "fields": {"action_time": "2022-03-03T16:00:14.617Z", "user": 18, "content_type": 10, "object_id": "20", "object_repr": "2", "action_flag": 3, "change_message": ""}}, {"model": "admin.logentry", "pk": 510, "fields": {"action_time": "2022-03-03T16:00:14.668Z", "user": 18, "content_type": 10, "object_id": "19", "object_repr": "1", "action_flag": 3, "change_message": ""}}, {"model": "admin.logentry", "pk": 511, "fields": {"action_time": "2022-03-03T16:01:08.858Z", "user": 18, "content_type": 10, "object_id": "25", "object_repr": "Slid1", "action_flag": 1, "change_message": "[{\"added\": {}}]"}}, {"model": "admin.logentry", "pk": 512, "fields": {"action_time": "2022-03-03T16:01:29.865Z", "user": 18, "content_type": 10, "object_id": "26", "object_repr": "Slid2", "action_flag": 1, "change_message": "[{\"added\": {}}]"}}, {"model": "admin.logentry", "pk": 513, "fields": {"action_time": "2022-03-03T16:01:49.913Z", "user": 18, "content_type": 10, "object_id": "27", "object_repr": "Slid3", "action_flag": 1, "change_message": "[{\"added\": {}}]"}}, {"model": "admin.logentry", "pk": 514, "fields": {"action_time": "2022-03-03T16:02:06.658Z", "user": 18, "content_type": 10, "object_id": "28", "object_repr": "Slid4", "action_flag": 1, "change_message": "[{\"added\": {}}]"}}, {"model": "admin.logentry", "pk": 515, "fields": {"action_time": "2022-03-03T16:02:21.751Z", "user": 18, "content_type": 10, "object_id": "29", "object_repr": "Slid5", "action_flag": 1, "change_message": "[{\"added\": {}}]"}}, {"model": "admin.logentry", "pk": 516, "fields": {"action_time": "2022-03-03T16:02:35.102Z", "user": 18, "content_type": 10, "object_id": "30", "object_repr": "Slid6", "action_flag": 1, "change_message": "[{\"added\": {}}]"}}, {"model": "admin.logentry", "pk": 517, "fields": {"action_time": "2022-03-03T16:03:05.452Z", "user": 18, "content_type": 10, "object_id": "31", "object_repr": "Slid7", "action_flag": 1, "change_message": "[{\"added\": {}}]"}}, {"model": "auth.user", "pk": 18, "fields": {"password": "pbkdf2_sha256$320000$FK74YhdPLzYjoce1dQOXPe$zYN5kNRZk4l4An7p1/8jSx/7JTh6J4/muj6tYDgOeC8=", "last_login": "2022-03-14T16:35:31.514Z", "is_superuser": true, "username": "admin", "first_name": "", "last_name": "", "email": "", "is_staff": true, "is_active": true, "date_joined": "2020-12-30T12:36:27.252Z", "groups": [], "user_permissions": []}}, {"model": "auth.user", "pk": 19, "fields": {"password": "pbkdf2_sha256$216000$PotjZ5tTuWwN$bcUKd1Fy6H0N3IKBSr17Jkf50eRhD3ovrcTEzmMZOUs=", "last_login": "2021-01-03T09:29:31.977Z", "is_superuser": false, "username": "9771749771", "first_name": "Rajtosh", "last_name": "Ranjan", "email": "", "is_staff": true, "is_active": true, "date_joined": "2020-12-30T13:46:35.052Z", "groups": [], "user_permissions": []}}, {"model": "auth.user", "pk": 20, "fields": {"password": "pbkdf2_sha256$216000$oLBo9JklHlkG$49QImrHkFZ9RhUoWmTvDYpQPpK9iMIpvB0OBRKmYTyI=", "last_login": "2021-01-03T09:19:41.443Z", "is_superuser": false, "username": "test@gmail.com", "first_name": "Ashish", "last_name": "Singh", "email": "test@gmail.com", "is_staff": false, "is_active": true, "date_joined": "2020-12-30T14:04:19.495Z", "groups": [], "user_permissions": []}}, {"model": "auth.user", "pk": 21, "fields": {"password": "pbkdf2_sha256$320000$S6o5CHC7eUWWb139flK8iF$N9h/8/jRATzWl+hpwFxvYFKc5M/FBFYAYezofEV2y94=", "last_login": "2022-03-03T06:17:10.576Z", "is_superuser": false, "username": "pk.amitech@gmail.com", "first_name": "Prasun", "last_name": "samadder", "email": "pk.amitech@gmail.com", "is_staff": false, "is_active": true, "date_joined": "2022-03-01T06:29:13.785Z", "groups": [], "user_permissions": []}}, {"model": "sessions.session", "pk": "2mbi3203ea8zx8gcrxz28wm4uqx5cskd", "fields": {"session_data": "OGY3MmVjOTI1NGZmMTQ3OWFmZjJlMzE1MWQ0MjlkZDMwMDdhYjZlMTp7Il9hdXRoX3VzZXJfaWQiOiIzIiwiX2F1dGhfdXNlcl9iYWNrZW5kIjoiZGphbmdvLmNvbnRyaWIuYXV0aC5iYWNrZW5kcy5Nb2RlbEJhY2tlbmQiLCJfYXV0aF91c2VyX2hhc2giOiI1NDg0NGY2MjZhNmRhOTA4MTJkYmI2OGVmZmI5OGQ2ZmNlZTFlNGE5In0=", "expire_date": "2020-03-02T15:08:33.640Z"}}, {"model": "sessions.session", "pk": "3chbcmrex8bhpzz9c1ddty0u2k35g0h7", "fields": {"session_data": "Mzk2YzY1ZGVlNTBiZmQ4NmZhMjkxNzAwYmJhOWZiYmQ4ZDVjZWJiNDp7Il9hdXRoX3VzZXJfaWQiOiIxMSIsIl9hdXRoX3VzZXJfYmFja2VuZCI6ImRqYW5nby5jb250cmliLmF1dGguYmFja2VuZHMuTW9kZWxCYWNrZW5kIiwiX2F1dGhfdXNlcl9oYXNoIjoiZDVjNTExNmU2NGM4MzBhNjg3NzhmYjhiNmU1MzYxNDA2MWM3MWMzMSJ9", "expire_date": "2020-02-13T19:30:22.056Z"}}, {"model": "sessions.session", "pk": "3zetnmyo6hridv1lk3pafludlgsa7wo8", "fields": {"session_data": "OGQxNDA4YzYwZDQ4N2E2ZTJiNDIyN2I3NGVhMmU4YzA5M2E0Mzk2NTp7Il9hdXRoX3VzZXJfaWQiOiIxMSIsIl9hdXRoX3VzZXJfYmFja2VuZCI6ImRqYW5nby5jb250cmliLmF1dGguYmFja2VuZHMuTW9kZWxCYWNrZW5kIiwiX2F1dGhfdXNlcl9oYXNoIjoiMjM3YWQ1ZDA3ZTA0NjRmM2MyZjVkODc2YTYyYTQxMmM2ZDU2YjVmYyJ9", "expire_date": "2020-02-14T06:25:56.412Z"}}, {"model": "sessions.session", "pk": "4bft49b2afplpixxsmfknrgypjzizkt5", "fields": {"session_data": ".eJxVjEEOwiAURO_C2hD5IBSX7j1D8z8MUjVtUtqV8e7apAvdzntvXqrndan92jD3Q1ZnZaI6_I7C6YFxI_nO423SaRqXeRC9KXqnTV-njOdld_8OKrf6rR1cZzIl8RSciGVCKV1JhlgYzsZTCDkYAA44SiwexaZEkSw8SVHvDzF4OV4:1kuzKn:-rkpfqi1_f81zmAWcLEfKakkxMvkC1WgDybCtVqGTbU", "expire_date": "2021-01-14T14:53:49.204Z"}}, {"model": "sessions.session", "pk": "4hio0qu8e6h4rqm8p8amjsqqyc6g6u42", "fields": {"session_data": "MWRiMTkwMzJjYmI2NmZkZDU5ODk1MTg1MzM2MjA2ZGY3YmVlYjU2MTp7Il9hdXRoX3VzZXJfaWQiOiIyIiwiX2F1dGhfdXNlcl9iYWNrZW5kIjoiZGphbmdvLmNvbnRyaWIuYXV0aC5iYWNrZW5kcy5Nb2RlbEJhY2tlbmQiLCJfYXV0aF91c2VyX2hhc2giOiJlMTZjMjQ2M2JjYTA1ZGYyMjNjMGViMjY5ZDcwOTdjNDg1ZWE1MWJhIn0=", "expire_date": "2020-02-27T12:49:12.743Z"}}, {"model": "sessions.session", "pk": "5gyvluagp4gvbw9sqz7bp0axfuvc7loe", "fields": {"session_data": "ZTI1NDM2MzdhMzNhMWQ2MzJlYTExNTNmYzI1OWYxODc3ZmE1MDE3Yjp7Il9hdXRoX3VzZXJfaWQiOiIzIiwiX2F1dGhfdXNlcl9iYWNrZW5kIjoiZGphbmdvLmNvbnRyaWIuYXV0aC5iYWNrZW5kcy5Nb2RlbEJhY2tlbmQiLCJfYXV0aF91c2VyX2hhc2giOiI0MzYwNzIwMDM1YTYxNDc3ZmFlMGY3Yzg4NjVhYzI1ZGRlNjdhNTM2In0=", "expire_date": "2020-03-18T08:53:37.034Z"}}, {"model": "sessions.session", "pk": "8o5px1w9z1r07qoodp1ubi6ucnqaitqo", "fields": {"session_data": "NWU1MGRiNDg0NWI2YjcwNzRhOTIwMjRhMWFjYTViMjRlNmZjMmZiMTp7Il9hdXRoX3VzZXJfaWQiOiIyIiwiX2F1dGhfdXNlcl9iYWNrZW5kIjoiZGphbmdvLmNvbnRyaWIuYXV0aC5iYWNrZW5kcy5Nb2RlbEJhY2tlbmQiLCJfYXV0aF91c2VyX2hhc2giOiI1NmEyZmE5ZjRiYTE3NmY2MzdjMzFmYTU5ZmM0NDQ3M2Q2YzgzNTIyIn0=", "expire_date": "2020-03-03T18:04:56.769Z"}}, {"model": "sessions.session", "pk": "9cbc0xvo1hpgdqdp55zgt418gs16nhlt", "fields": {"session_data": "MWRiMTkwMzJjYmI2NmZkZDU5ODk1MTg1MzM2MjA2ZGY3YmVlYjU2MTp7Il9hdXRoX3VzZXJfaWQiOiIyIiwiX2F1dGhfdXNlcl9iYWNrZW5kIjoiZGphbmdvLmNvbnRyaWIuYXV0aC5iYWNrZW5kcy5Nb2RlbEJhY2tlbmQiLCJfYXV0aF91c2VyX2hhc2giOiJlMTZjMjQ2M2JjYTA1ZGYyMjNjMGViMjY5ZDcwOTdjNDg1ZWE1MWJhIn0=", "expire_date": "2020-02-26T13:20:33.494Z"}}, {"model": "sessions.session", "pk": "9ymqcdcc6scpt53ng5zy73ekyqqo9fb7", "fields": {"session_data": ".eJxVjEEOwiAURO_C2hCg8AGX7j0D-f2AVA0kpV0Z764kXehuMu_NvFjAfSth72kNS2RnJh07_ZYz0iPVQeId661xanVbl5kPhR-082uL6Xk53L-Dgr2MdbYGDEbyHmAC_c3WOrJK4gwuw2QhYxKEYIC0lihNNuCFBCVU1p69P_pmNzE:1kuajH:I6nMZb7R3JyqKB-XzUWGWYtLLaaYesE36rZMp7isGa0", "expire_date": "2021-01-13T12:37:27.952Z"}}, {"model": "sessions.session", "pk": "agkfqdfmt8wb0vpxrhqo97991csk1mkc", "fields": {"session_data": ".eJxVjEEOwiAURO_C2hCg8AGX7j0D-f2AVA0kpV0Z764kXehuMu_NvFjAfSth72kNS2RnJh07_ZYz0iPVQeId661xanVbl5kPhR-082uL6Xk53L-Dgr2MdbYGDEbyHmAC_c3WOrJK4gwuw2QhYxKEYIC0lihNNuCFBCVU1p69P_pmNzE:1kvods:sprSz9AFgVvO5_QqgCX7yvEt-kgWZHRc4-9giaslhKc", "expire_date": "2021-01-16T21:40:56.038Z"}}, {"model": "sessions.session", "pk": "aqdypwi9iw40b5i9yau7mzjkkrhol4hy", "fields": {"session_data": "OTg1YzFkNWYyNjVjOTY0YzdjYmIxOTA0MDRjMTBjZDk4NzM4MWYwYTp7Il9hdXRoX3VzZXJfaWQiOiIyIiwiX2F1dGhfdXNlcl9iYWNrZW5kIjoiZGphbmdvLmNvbnRyaWIuYXV0aC5iYWNrZW5kcy5Nb2RlbEJhY2tlbmQiLCJfYXV0aF91c2VyX2hhc2giOiJjZDBkNTQyODg0Yjc0ODAzODZhYmE3NDQ4NTE4NDc3MTk0YzljY2IyIn0=", "expire_date": "2020-02-11T15:04:24.480Z"}}, {"model": "sessions.session", "pk": "b0yzfxb1lyyqmfswx1j6bt9uqnutrrtz", "fields": {"session_data": "OGQxNDA4YzYwZDQ4N2E2ZTJiNDIyN2I3NGVhMmU4YzA5M2E0Mzk2NTp7Il9hdXRoX3VzZXJfaWQiOiIxMSIsIl9hdXRoX3VzZXJfYmFja2VuZCI6ImRqYW5nby5jb250cmliLmF1dGguYmFja2VuZHMuTW9kZWxCYWNrZW5kIiwiX2F1dGhfdXNlcl9oYXNoIjoiMjM3YWQ1ZDA3ZTA0NjRmM2MyZjVkODc2YTYyYTQxMmM2ZDU2YjVmYyJ9", "expire_date": "2020-02-28T16:35:36.595Z"}}, {"model": "sessions.session", "pk": "bh9oji2i2jy48s71zjheabk23onuf8oq", "fields": {"session_data": ".eJxVjEEOwiAURO_C2hD5IBSX7j1D8z8MUjVtUtqV8e7apAvdzntvXqrndan92jD3Q1ZnZaI6_I7C6YFxI_nO423SaRqXeRC9KXqnTV-njOdld_8OKrf6rR1cZzIl8RSciGVCKV1JhlgYzsZTCDkYAA44SiwexaZEkSw8SVHvDzF4OV4:1kuboO:81y22FM11rOckHct5Tz3s9nxgimNr6QeBWm8cEkjpHo", "expire_date": "2021-01-13T13:46:48.176Z"}}, {"model": "sessions.session", "pk": "bn44zbo84d26r1lmk31g6a0ksq3cw5su", "fields": {"session_data": "MWRiMTkwMzJjYmI2NmZkZDU5ODk1MTg1MzM2MjA2ZGY3YmVlYjU2MTp7Il9hdXRoX3VzZXJfaWQiOiIyIiwiX2F1dGhfdXNlcl9iYWNrZW5kIjoiZGphbmdvLmNvbnRyaWIuYXV0aC5iYWNrZW5kcy5Nb2RlbEJhY2tlbmQiLCJfYXV0aF91c2VyX2hhc2giOiJlMTZjMjQ2M2JjYTA1ZGYyMjNjMGViMjY5ZDcwOTdjNDg1ZWE1MWJhIn0=", "expire_date": "2020-02-21T18:12:13.935Z"}}, {"model": "sessions.session", "pk": "bv04kwupo3iquvru75rdu082nt131oy0", "fields": {"session_data": ".eJxVjEEOwiAURO_C2hCg8AGX7j0D-f2AVA0kpV0Z764kXehuMu_NvFjAfSth72kNS2RnJh07_ZYz0iPVQeId661xanVbl5kPhR-082uL6Xk53L-Dgr2MdbYGDEbyHmAC_c3WOrJK4gwuw2QhYxKEYIC0lihNNuCFBCVU1p69P_pmNzE:1kuyrr:wFs7QvyX5TcTZW1LZFYmpIzw8HM5K1nh_2Y6yXJeUtU", "expire_date": "2021-01-14T14:23:55.830Z"}}, {"model": "sessions.session", "pk": "cxs6gf4atsjkpueu5ji448amt0g5fs2o", "fields": {"session_data": "NWU1MGRiNDg0NWI2YjcwNzRhOTIwMjRhMWFjYTViMjRlNmZjMmZiMTp7Il9hdXRoX3VzZXJfaWQiOiIyIiwiX2F1dGhfdXNlcl9iYWNrZW5kIjoiZGphbmdvLmNvbnRyaWIuYXV0aC5iYWNrZW5kcy5Nb2RlbEJhY2tlbmQiLCJfYXV0aF91c2VyX2hhc2giOiI1NmEyZmE5ZjRiYTE3NmY2MzdjMzFmYTU5ZmM0NDQ3M2Q2YzgzNTIyIn0=", "expire_date": "2020-03-10T05:04:32.436Z"}}, {"model": "sessions.session", "pk": "d1p6csnic4wd396owxx9c44vwb5vqk0c", "fields": {"session_data": ".eJxVjEEOwiAURO_C2hCg8AGX7j0D-f2AVA0kpV0Z764kXehuMu_NvFjAfSth72kNS2RnJh07_ZYz0iPVQeId661xanVbl5kPhR-082uL6Xk53L-Dgr2MdbYGDEbyHmAC_c3WOrJK4gwuw2QhYxKEYIC0lihNNuCFBCVU1p69P_pmNzE:1kvXiG:hDxXoB96OdFqF2-kpoGAba8FnLscFPV7q2wP5nG_K98", "expire_date": "2021-01-16T03:36:20.506Z"}}, {"model": "sessions.session", "pk": "d4pd31ne221zzt2yen254s9d9dnvzl63", "fields": {"session_data": "OGQxNDA4YzYwZDQ4N2E2ZTJiNDIyN2I3NGVhMmU4YzA5M2E0Mzk2NTp7Il9hdXRoX3VzZXJfaWQiOiIxMSIsIl9hdXRoX3VzZXJfYmFja2VuZCI6ImRqYW5nby5jb250cmliLmF1dGguYmFja2VuZHMuTW9kZWxCYWNrZW5kIiwiX2F1dGhfdXNlcl9oYXNoIjoiMjM3YWQ1ZDA3ZTA0NjRmM2MyZjVkODc2YTYyYTQxMmM2ZDU2YjVmYyJ9", "expire_date": "2020-02-26T18:21:06.684Z"}}, {"model": "sessions.session", "pk": "dzbvuwb10arwb1m8o12qz9lp4bfbnmza", "fields": {"session_data": ".eJxVjEEOwiAQRe_C2hCgCB2X7j0DGWZAqgaS0q6Md7dNutDtf-_9twi4LiWsPc1hYnERRonT7xiRnqnuhB9Y701Sq8s8Rbkr8qBd3hqn1_Vw_w4K9rLVOZMl7ayzkUE7rTFlVkh50N4CZM08RgdMMPizgajS5tFoOAN4ABafLyIROLo:1kvoMY:JluF_QhDXkjXW-WVbQAfBZxL_641e11g_egsMbnz6Ak", "expire_date": "2021-01-16T21:23:02.054Z"}}, {"model": "sessions.session", "pk": "e3tgup9rp2aws3toi7j66yw6z2t98utu", "fields": {"session_data": "MWRiMTkwMzJjYmI2NmZkZDU5ODk1MTg1MzM2MjA2ZGY3YmVlYjU2MTp7Il9hdXRoX3VzZXJfaWQiOiIyIiwiX2F1dGhfdXNlcl9iYWNrZW5kIjoiZGphbmdvLmNvbnRyaWIuYXV0aC5iYWNrZW5kcy5Nb2RlbEJhY2tlbmQiLCJfYXV0aF91c2VyX2hhc2giOiJlMTZjMjQ2M2JjYTA1ZGYyMjNjMGViMjY5ZDcwOTdjNDg1ZWE1MWJhIn0=", "expire_date": "2020-02-22T13:45:38.056Z"}}, {"model": "sessions.session", "pk": "h6unwesdzgn9evosl20iqm6wk6yzq3d3", "fields": {"session_data": "OGQxNDA4YzYwZDQ4N2E2ZTJiNDIyN2I3NGVhMmU4YzA5M2E0Mzk2NTp7Il9hdXRoX3VzZXJfaWQiOiIxMSIsIl9hdXRoX3VzZXJfYmFja2VuZCI6ImRqYW5nby5jb250cmliLmF1dGguYmFja2VuZHMuTW9kZWxCYWNrZW5kIiwiX2F1dGhfdXNlcl9oYXNoIjoiMjM3YWQ1ZDA3ZTA0NjRmM2MyZjVkODc2YTYyYTQxMmM2ZDU2YjVmYyJ9", "expire_date": "2020-02-14T04:58:49.703Z"}}, {"model": "sessions.session", "pk": "heuf6or56zgkwgjn3uwpdtz082nlkmcm", "fields": {"session_data": "ZTI1NDM2MzdhMzNhMWQ2MzJlYTExNTNmYzI1OWYxODc3ZmE1MDE3Yjp7Il9hdXRoX3VzZXJfaWQiOiIzIiwiX2F1dGhfdXNlcl9iYWNrZW5kIjoiZGphbmdvLmNvbnRyaWIuYXV0aC5iYWNrZW5kcy5Nb2RlbEJhY2tlbmQiLCJfYXV0aF91c2VyX2hhc2giOiI0MzYwNzIwMDM1YTYxNDc3ZmFlMGY3Yzg4NjVhYzI1ZGRlNjdhNTM2In0=", "expire_date": "2020-03-06T04:55:01.077Z"}}, {"model": "sessions.session", "pk": "hmqmiu9k8zhc2uwj3105xc522itjcwe2", "fields": {"session_data": "OGQxNDA4YzYwZDQ4N2E2ZTJiNDIyN2I3NGVhMmU4YzA5M2E0Mzk2NTp7Il9hdXRoX3VzZXJfaWQiOiIxMSIsIl9hdXRoX3VzZXJfYmFja2VuZCI6ImRqYW5nby5jb250cmliLmF1dGguYmFja2VuZHMuTW9kZWxCYWNrZW5kIiwiX2F1dGhfdXNlcl9oYXNoIjoiMjM3YWQ1ZDA3ZTA0NjRmM2MyZjVkODc2YTYyYTQxMmM2ZDU2YjVmYyJ9", "expire_date": "2020-02-14T18:10:44.219Z"}}, {"model": "sessions.session", "pk": "j1ks7klwalcu8cbixdwdl9z8ajew9t46", "fields": {"session_data": "MjZiNGQwMzk0MmJkZWM1YjBlODkxYjNhNDc1MWJlNDczZTQzZGY4MDp7Il9hdXRoX3VzZXJfaWQiOiIxNiIsIl9hdXRoX3VzZXJfYmFja2VuZCI6ImRqYW5nby5jb250cmliLmF1dGguYmFja2VuZHMuTW9kZWxCYWNrZW5kIiwiX2F1dGhfdXNlcl9oYXNoIjoiMmExZDVjZDdiMDU3ZmQzNzQ4ODQxYjhlOTA4MTQ0YmEyMzBhNGFmNSJ9", "expire_date": "2020-03-04T05:58:35.008Z"}}, {"model": "sessions.session", "pk": "jbfzv7cmupdvbnvagoc4wke6rva5pq2n", "fields": {"session_data": "MWRiMTkwMzJjYmI2NmZkZDU5ODk1MTg1MzM2MjA2ZGY3YmVlYjU2MTp7Il9hdXRoX3VzZXJfaWQiOiIyIiwiX2F1dGhfdXNlcl9iYWNrZW5kIjoiZGphbmdvLmNvbnRyaWIuYXV0aC5iYWNrZW5kcy5Nb2RlbEJhY2tlbmQiLCJfYXV0aF91c2VyX2hhc2giOiJlMTZjMjQ2M2JjYTA1ZGYyMjNjMGViMjY5ZDcwOTdjNDg1ZWE1MWJhIn0=", "expire_date": "2020-02-27T16:21:13.231Z"}}, {"model": "sessions.session", "pk": "jk4ocjyuj9qyvrlc87y56htc1c414bn1", "fields": {"session_data": ".eJxVjEEOwiAURO_C2hCg8AGX7j0D-f2AVA0kpV0Z764kXehuMu_NvFjAfSth72kNS2RnJh07_ZYz0iPVQeId661xanVbl5kPhR-082uL6Xk53L-Dgr2MdbYGDEbyHmAC_c3WOrJK4gwuw2QhYxKEYIC0lihNNuCFBCVU1p69P_pmNzE:1kvkjL:RM_tdhwLln1jJyGR55-WY8xPF1P9t_CmjHoEdIlcx_E", "expire_date": "2021-01-16T17:30:19.347Z"}}, {"model": "sessions.session", "pk": "knwfzfczq5ann4n402imse7b1l7fvpos", "fields": {"session_data": "ZTI1NDM2MzdhMzNhMWQ2MzJlYTExNTNmYzI1OWYxODc3ZmE1MDE3Yjp7Il9hdXRoX3VzZXJfaWQiOiIzIiwiX2F1dGhfdXNlcl9iYWNrZW5kIjoiZGphbmdvLmNvbnRyaWIuYXV0aC5iYWNrZW5kcy5Nb2RlbEJhY2tlbmQiLCJfYXV0aF91c2VyX2hhc2giOiI0MzYwNzIwMDM1YTYxNDc3ZmFlMGY3Yzg4NjVhYzI1ZGRlNjdhNTM2In0=", "expire_date": "2020-03-12T07:33:56.144Z"}}, {"model": "sessions.session", "pk": "kpmxzg3vnf6d1hkyl4s6n8ptsgeijz4x", "fields": {"session_data": "ZTI1NDM2MzdhMzNhMWQ2MzJlYTExNTNmYzI1OWYxODc3ZmE1MDE3Yjp7Il9hdXRoX3VzZXJfaWQiOiIzIiwiX2F1dGhfdXNlcl9iYWNrZW5kIjoiZGphbmdvLmNvbnRyaWIuYXV0aC5iYWNrZW5kcy5Nb2RlbEJhY2tlbmQiLCJfYXV0aF91c2VyX2hhc2giOiI0MzYwNzIwMDM1YTYxNDc3ZmFlMGY3Yzg4NjVhYzI1ZGRlNjdhNTM2In0=", "expire_date": "2020-03-17T19:12:34.056Z"}}, {"model": "sessions.session", "pk": "l073di6q9syrfc3sbg8ngnai5t6ud5rn", "fields": {"session_data": "NWU1MGRiNDg0NWI2YjcwNzRhOTIwMjRhMWFjYTViMjRlNmZjMmZiMTp7Il9hdXRoX3VzZXJfaWQiOiIyIiwiX2F1dGhfdXNlcl9iYWNrZW5kIjoiZGphbmdvLmNvbnRyaWIuYXV0aC5iYWNrZW5kcy5Nb2RlbEJhY2tlbmQiLCJfYXV0aF91c2VyX2hhc2giOiI1NmEyZmE5ZjRiYTE3NmY2MzdjMzFmYTU5ZmM0NDQ3M2Q2YzgzNTIyIn0=", "expire_date": "2020-03-09T07:09:10.491Z"}}, {"model": "sessions.session", "pk": "m670x3sswxw76ka3c5svks6tk1ddsgas", "fields": {"session_data": "ZTI1NDM2MzdhMzNhMWQ2MzJlYTExNTNmYzI1OWYxODc3ZmE1MDE3Yjp7Il9hdXRoX3VzZXJfaWQiOiIzIiwiX2F1dGhfdXNlcl9iYWNrZW5kIjoiZGphbmdvLmNvbnRyaWIuYXV0aC5iYWNrZW5kcy5Nb2RlbEJhY2tlbmQiLCJfYXV0aF91c2VyX2hhc2giOiI0MzYwNzIwMDM1YTYxNDc3ZmFlMGY3Yzg4NjVhYzI1ZGRlNjdhNTM2In0=", "expire_date": "2020-03-08T14:50:45.345Z"}}, {"model": "sessions.session", "pk": "n31gv4o6eo59vqq2v5p1r25cil1rvdeh", "fields": {"session_data": "Mzk2YzY1ZGVlNTBiZmQ4NmZhMjkxNzAwYmJhOWZiYmQ4ZDVjZWJiNDp7Il9hdXRoX3VzZXJfaWQiOiIxMSIsIl9hdXRoX3VzZXJfYmFja2VuZCI6ImRqYW5nby5jb250cmliLmF1dGguYmFja2VuZHMuTW9kZWxCYWNrZW5kIiwiX2F1dGhfdXNlcl9oYXNoIjoiZDVjNTExNmU2NGM4MzBhNjg3NzhmYjhiNmU1MzYxNDA2MWM3MWMzMSJ9", "expire_date": "2020-02-13T19:32:45.335Z"}}, {"model": "sessions.session", "pk": "o5aye3i7mb9y28h4u18hzljakjckr1mh", "fields": {"session_data": ".eJxVjMsOwiAQRf-FtSFTWh7j0r3fQGAYpGogKe3K-O_apAvd3nPOfQkftrX4rfPi5yTOYnDi9DvGQA-uO0n3UG9NUqvrMke5K_KgXV5b4uflcP8OSujlWyscNZNFbSbILkKimBWQQ0YIhIo4G4qEaOxELpAFHFGDZRutBhzE-wMRcTf7:1nTnfP:O6C5RKfnLPHfXL-WO6NtxewYzHOOLqh8-yCtvRFRoDc", "expire_date": "2022-03-28T16:35:31.579Z"}}, {"model": "sessions.session", "pk": "plb4qizrvbqynn5ib96d7db1hkzbkzaz", "fields": {"session_data": "NWU1MGRiNDg0NWI2YjcwNzRhOTIwMjRhMWFjYTViMjRlNmZjMmZiMTp7Il9hdXRoX3VzZXJfaWQiOiIyIiwiX2F1dGhfdXNlcl9iYWNrZW5kIjoiZGphbmdvLmNvbnRyaWIuYXV0aC5iYWNrZW5kcy5Nb2RlbEJhY2tlbmQiLCJfYXV0aF91c2VyX2hhc2giOiI1NmEyZmE5ZjRiYTE3NmY2MzdjMzFmYTU5ZmM0NDQ3M2Q2YzgzNTIyIn0=", "expire_date": "2020-03-06T04:53:50.220Z"}}, {"model": "sessions.session", "pk": "q32ydv3w6vlvcxpy0h0b2echs7qswtc1", "fields": {"session_data": ".eJxVjEEOwiAURO_C2hD5IBSX7j1D8z8MUjVtUtqV8e7apAvdzntvXqrndan92jD3Q1ZnZaI6_I7C6YFxI_nO423SaRqXeRC9KXqnTV-njOdld_8OKrf6rR1cZzIl8RSciGVCKV1JhlgYzsZTCDkYAA44SiwexaZEkSw8SVHvDzF4OV4:1kvXfS:bplCrsionSOL6YjjsqK9Vp84pSBD3mMaPP0AIqi6q2A", "expire_date": "2021-01-16T03:33:26.708Z"}}, {"model": "sessions.session", "pk": "r4mwrzigrjc3o5mvsqc0xqe1jetaazeo", "fields": {"session_data": "NWU1MGRiNDg0NWI2YjcwNzRhOTIwMjRhMWFjYTViMjRlNmZjMmZiMTp7Il9hdXRoX3VzZXJfaWQiOiIyIiwiX2F1dGhfdXNlcl9iYWNrZW5kIjoiZGphbmdvLmNvbnRyaWIuYXV0aC5iYWNrZW5kcy5Nb2RlbEJhY2tlbmQiLCJfYXV0aF91c2VyX2hhc2giOiI1NmEyZmE5ZjRiYTE3NmY2MzdjMzFmYTU5ZmM0NDQ3M2Q2YzgzNTIyIn0=", "expire_date": "2020-03-01T05:58:30.503Z"}}, {"model": "sessions.session", "pk": "smcqdxje3clqb8oqvogw30526drxtubu", "fields": {"session_data": "NWU1MGRiNDg0NWI2YjcwNzRhOTIwMjRhMWFjYTViMjRlNmZjMmZiMTp7Il9hdXRoX3VzZXJfaWQiOiIyIiwiX2F1dGhfdXNlcl9iYWNrZW5kIjoiZGphbmdvLmNvbnRyaWIuYXV0aC5iYWNrZW5kcy5Nb2RlbEJhY2tlbmQiLCJfYXV0aF91c2VyX2hhc2giOiI1NmEyZmE5ZjRiYTE3NmY2MzdjMzFmYTU5ZmM0NDQ3M2Q2YzgzNTIyIn0=", "expire_date": "2020-03-10T05:33:55.953Z"}}, {"model": "sessions.session", "pk": "sx5rdf9m7fz0urzou3ln4bzezx7whpky", "fields": {"session_data": "OGY3MmVjOTI1NGZmMTQ3OWFmZjJlMzE1MWQ0MjlkZDMwMDdhYjZlMTp7Il9hdXRoX3VzZXJfaWQiOiIzIiwiX2F1dGhfdXNlcl9iYWNrZW5kIjoiZGphbmdvLmNvbnRyaWIuYXV0aC5iYWNrZW5kcy5Nb2RlbEJhY2tlbmQiLCJfYXV0aF91c2VyX2hhc2giOiI1NDg0NGY2MjZhNmRhOTA4MTJkYmI2OGVmZmI5OGQ2ZmNlZTFlNGE5In0=", "expire_date": "2020-03-03T16:21:33.912Z"}}, {"model": "sessions.session", "pk": "tif3n0fdrjcxxd9ouqvzrpsarq4v1bse", "fields": {"session_data": "OGQxNDA4YzYwZDQ4N2E2ZTJiNDIyN2I3NGVhMmU4YzA5M2E0Mzk2NTp7Il9hdXRoX3VzZXJfaWQiOiIxMSIsIl9hdXRoX3VzZXJfYmFja2VuZCI6ImRqYW5nby5jb250cmliLmF1dGguYmFja2VuZHMuTW9kZWxCYWNrZW5kIiwiX2F1dGhfdXNlcl9oYXNoIjoiMjM3YWQ1ZDA3ZTA0NjRmM2MyZjVkODc2YTYyYTQxMmM2ZDU2YjVmYyJ9", "expire_date": "2020-07-10T09:01:29.994Z"}}, {"model": "sessions.session", "pk": "ud0nddkppxf1d2ubjeppw5br5o18h7dv", "fields": {"session_data": "OGQxNDA4YzYwZDQ4N2E2ZTJiNDIyN2I3NGVhMmU4YzA5M2E0Mzk2NTp7Il9hdXRoX3VzZXJfaWQiOiIxMSIsIl9hdXRoX3VzZXJfYmFja2VuZCI6ImRqYW5nby5jb250cmliLmF1dGguYmFja2VuZHMuTW9kZWxCYWNrZW5kIiwiX2F1dGhfdXNlcl9oYXNoIjoiMjM3YWQ1ZDA3ZTA0NjRmM2MyZjVkODc2YTYyYTQxMmM2ZDU2YjVmYyJ9", "expire_date": "2020-03-18T10:19:30.667Z"}}, {"model": "sessions.session", "pk": "vklnhxhfob1mig8cv4f5x8vef2qrqin9", "fields": {"session_data": "MWRiMTkwMzJjYmI2NmZkZDU5ODk1MTg1MzM2MjA2ZGY3YmVlYjU2MTp7Il9hdXRoX3VzZXJfaWQiOiIyIiwiX2F1dGhfdXNlcl9iYWNrZW5kIjoiZGphbmdvLmNvbnRyaWIuYXV0aC5iYWNrZW5kcy5Nb2RlbEJhY2tlbmQiLCJfYXV0aF91c2VyX2hhc2giOiJlMTZjMjQ2M2JjYTA1ZGYyMjNjMGViMjY5ZDcwOTdjNDg1ZWE1MWJhIn0=", "expire_date": "2020-02-27T17:01:25.423Z"}}, {"model": "sessions.session", "pk": "vmh3cftsm2dgjx4aepndrc3tmdbqy3mb", "fields": {"session_data": "NWU1MGRiNDg0NWI2YjcwNzRhOTIwMjRhMWFjYTViMjRlNmZjMmZiMTp7Il9hdXRoX3VzZXJfaWQiOiIyIiwiX2F1dGhfdXNlcl9iYWNrZW5kIjoiZGphbmdvLmNvbnRyaWIuYXV0aC5iYWNrZW5kcy5Nb2RlbEJhY2tlbmQiLCJfYXV0aF91c2VyX2hhc2giOiI1NmEyZmE5ZjRiYTE3NmY2MzdjMzFmYTU5ZmM0NDQ3M2Q2YzgzNTIyIn0=", "expire_date": "2020-03-08T15:36:57.309Z"}}, {"model": "sessions.session", "pk": "vtz6ubrh6okubreusb0rpplbhqtzlbtm", "fields": {"session_data": "MWRiMTkwMzJjYmI2NmZkZDU5ODk1MTg1MzM2MjA2ZGY3YmVlYjU2MTp7Il9hdXRoX3VzZXJfaWQiOiIyIiwiX2F1dGhfdXNlcl9iYWNrZW5kIjoiZGphbmdvLmNvbnRyaWIuYXV0aC5iYWNrZW5kcy5Nb2RlbEJhY2tlbmQiLCJfYXV0aF91c2VyX2hhc2giOiJlMTZjMjQ2M2JjYTA1ZGYyMjNjMGViMjY5ZDcwOTdjNDg1ZWE1MWJhIn0=", "expire_date": "2020-02-23T04:58:42.229Z"}}, {"model": "sessions.session", "pk": "ykn12dedj2icuyqg9ap3q1e3yr8f87w2", "fields": {"session_data": "MWRiMTkwMzJjYmI2NmZkZDU5ODk1MTg1MzM2MjA2ZGY3YmVlYjU2MTp7Il9hdXRoX3VzZXJfaWQiOiIyIiwiX2F1dGhfdXNlcl9iYWNrZW5kIjoiZGphbmdvLmNvbnRyaWIuYXV0aC5iYWNrZW5kcy5Nb2RlbEJhY2tlbmQiLCJfYXV0aF91c2VyX2hhc2giOiJlMTZjMjQ2M2JjYTA1ZGYyMjNjMGViMjY5ZDcwOTdjNDg1ZWE1MWJhIn0=", "expire_date": "2020-02-17T18:38:24.687Z"}}, {"model": "sessions.session", "pk": "yxq7i09th6zsxxqbutlytgvmwtml6gt9", "fields": {"session_data": "OGQxNDA4YzYwZDQ4N2E2ZTJiNDIyN2I3NGVhMmU4YzA5M2E0Mzk2NTp7Il9hdXRoX3VzZXJfaWQiOiIxMSIsIl9hdXRoX3VzZXJfYmFja2VuZCI6ImRqYW5nby5jb250cmliLmF1dGguYmFja2VuZHMuTW9kZWxCYWNrZW5kIiwiX2F1dGhfdXNlcl9oYXNoIjoiMjM3YWQ1ZDA3ZTA0NjRmM2MyZjVkODc2YTYyYTQxMmM2ZDU2YjVmYyJ9", "expire_date": "2020-03-02T15:04:10.843Z"}}, {"model": "sessions.session", "pk": "znavp5yz2jo5jhu9h78445v47n3bjd42", "fields": {"session_data": "OGQxNDA4YzYwZDQ4N2E2ZTJiNDIyN2I3NGVhMmU4YzA5M2E0Mzk2NTp7Il9hdXRoX3VzZXJfaWQiOiIxMSIsIl9hdXRoX3VzZXJfYmFja2VuZCI6ImRqYW5nby5jb250cmliLmF1dGguYmFja2VuZHMuTW9kZWxCYWNrZW5kIiwiX2F1dGhfdXNlcl9oYXNoIjoiMjM3YWQ1ZDA3ZTA0NjRmM2MyZjVkODc2YTYyYTQxMmM2ZDU2YjVmYyJ9", "expire_date": "2020-03-02T16:32:05.087Z"}}, {"model": "main.userdetail", "pk": 20, "fields": {"dob": "2020-12-31", "photo": "user_photos/rajtosh_ranjan.jpg", "mobile": "9771741478", "alternate_mobile": "", "address": "patna", "pincode": "821110", "landmark": "boring road", "locality": "patna", "city": "patna", "state": "Bihar", "sex": "Male"}}, {"model": "main.userdetail", "pk": 21, "fields": {"dob": null, "photo": "default.png", "mobile": "0171835574", "alternate_mobile": "", "address": "34, banasree,", "pincode": "1219", "landmark": "", "locality": "dhaka", "city": "Dhaka", "state": "Dadra & Nagar Haveli", "sex": null}}, {"model": "main.slider", "pk": 25, "fields": {"name": "Slid1", "image": "slider_img/slide2.jpg", "url": "#"}}, {"model": "main.slider", "pk": 26, "fields": {"name": "Slid2", "image": "slider_img/slide1_79K4n65.jpg", "url": "#"}}, {"model": "main.slider", "pk": 27, "fields": {"name": "Slid3", "image": "slider_img/slide3.jpg", "url": "#"}}, {"model": "main.slider", "pk": 28, "fields": {"name": "Slid4", "image": "slider_img/slide4.jpg", "url": "#"}}, {"model": "main.slider", "pk": 29, "fields": {"name": "Slid5", "image": "slider_img/slide5.jpg", "url": "#"}}, {"model": "main.slider", "pk": 30, "fields": {"name": "Slid6", "image": "slider_img/slide6.jpg", "url": "#"}}, {"model": "main.slider", "pk": 31, "fields": {"name": "Slid7", "image": "slider_img/slide7.jpg", "url": "#"}}, {"model": "main.cart", "pk": 122, "fields": {"user": 20, "product_id": "25", "product_size": "XL", "number": 1}}, {"model": "main.cart", "pk": 125, "fields": {"user": 21, "product_id": "24", "product_size": "M", "number": 1}}, {"model": "main.cart", "pk": 126, "fields": {"user": 21, "product_id": "10", "product_size": "", "number": 1}}, {"model": "main.contact", "pk": 1, "fields": {"date": "2020-02-13", "name": "dsfs", "email": "rajtosh2018@ismpatna.ac.in", "subject": "dsfsdf", "message": "yyg"}}, {"model": "main.contact", "pk": 2, "fields": {"date": "2020-02-13", "name": "asdsa", "email": "rajtosh2018@ismpatna.ac.in", "subject": "dsfsdf", "message": "zxcasas"}}, {"model": "main.contact", "pk": 3, "fields": {"date": "2020-02-13", "name": "asdsa", "email": "rajtosh2018@ismpatna.ac.in", "subject": "dsfsdf", "message": "zxcasas"}}, {"model": "main.contact", "pk": 4, "fields": {"date": "2020-02-15", "name": "Gsgsus", "email": "ashish@gmail.com", "subject": "Sbshssh", "message": "Bznshjaana"}}, {"model": "main.contact", "pk": 5, "fields": {"date": "2020-02-15", "name": "Unknown ", "email": "ter@gmail.com", "subject": "Rahul", "message": "Ggs"}}, {"model": "main.contact", "pk": 6, "fields": {"date": "2020-12-31", "name": "testing", "email": "testing@heare.com", "subject": "i dont khow", "message": "pta na"}}, {"model": "saler.salerdetail", "pk": 19, "fields": {"photo": "default.png", "mobile": "9771749771", "gst_Number": "10AABCU9603R1Z2", "shop_Name": "10AABCU9603R1Z2", "alternate_mobile": "", "shop_Address": "patna india", "pincode": "800001", "landmark": "patna", "locality": "patna", "city": "pa", "state": "Bihar", "account_Holder_Name": null, "account_Number": null, "ifsc_Code": null}}, {"model": "saler.sellerslider", "pk": 1, "fields": {"name": "1st", "image": "seller_slider_img/slide1_uh7GuwB.jpg", "url": "#"}}, {"model": "saler.sellerslider", "pk": 2, "fields": {"name": "2nd", "image": "seller_slider_img/slide1_DAKDCdG.jpg", "url": "#"}}, {"model": "saler.sellerslider", "pk": 3, "fields": {"name": "3rd", "image": "seller_slider_img/slide1_PkGqiqX.jpg", "url": "#"}}, {"model": "saler.category", "pk": 1, "fields": {"name": "men's wear", "sub_Categories": "wallets,sharts,t-sharts"}}, {"model": "saler.category", "pk": 2, "fields": {"name": "women's wear", "sub_Categories": "wallets,tshart"}}, {"model": "saler.category", "pk": 3, "fields": {"name": "Baby & Kids", "sub_Categories": "Toy,"}}, {"model": "saler.category", "pk": 4, "fields": {"name": "Sports, Books & More", "sub_Categories": "Sports, Books , More"}}, {"model": "saler.category", "pk": 5, "fields": {"name": "Footwear", "sub_Categories": "Shoes"}}, {"model": "saler.product", "pk": 10, "fields": {"product_id2": "pr0x0", "shop": 19, "product_name": "New Stylish Shoes Running Shoes For Men  (Red)", "category": 5, "subcategory": "Shoes", "price": 299, "price_not": 500, "desc": "New Stylish Shoes Running Shoes For Men  (Red)", "gst": "3", "pub_date": "2021-01-02", "image1": "products/images/wp1_czJt1iD.jpeg", "image2": "", "image3": "", "image4": "", "image5": ""}}, {"model": "saler.product", "pk": 11, "fields": {"product_id2": "pr0xb", "shop": 19, "product_name": "Walking shoes Running Shoes For Men", "category": 5, "subcategory": "Shoes", "price": 600, "price_not": 1200, "desc": "Walking shoes Running Shoes For Men", "gst": "5", "pub_date": "2020-12-30", "image1": "products/images/wp1.jpeg", "image2": "", "image3": "", "image4": "", "image5": ""}}, {"model": "saler.product", "pk": 12, "fields": {"product_id2": "pr0xc", "shop": 19, "product_name": "Combo Pack of 2 Latest Collection Stylish casual Sports Running Shoes Walking Shoes For Men", "category": 5, "subcategory": "Shoes", "price": 700, "price_not": 799, "desc": "Combo Pack of 2 Latest Collection Stylish casual Sports Running Shoes Walking Shoes For Men", "gst": "5", "pub_date": "2020-12-30", "image1": "products/images/combo-2-1200-9126-10-axter-multicolor-original-imafte2k6hhqxrrh.jpeg", "image2": "products/images/6-ycyndoinrz-world-wear-footwear-original-imafm6husdrzsfbj.jpeg", "image3": "products/images/lmtcasual-gray-black-10-sqr-multicolor-original-imaftz6bmazngjxb.jpeg", "image4": "", "image5": ""}}, {"model": "saler.product", "pk": 13, "fields": {"product_id2": "pr0xd", "shop": 19, "product_name": "Men Casual Tan Artificial Leather Wallet", "category": 1, "subcategory": "wallets", "price": 542, "price_not": 652, "desc": "Men Casual Tan Artificial Leather Wallet", "gst": "3", "pub_date": "2020-12-31", "image1": "products/images/lr-wl03-nsf-original-imaffhfjydqde9yh.jpeg", "image2": "products/images/lmtcasual-gray-black-10-sqr-multicolor-original-imaftz6bmazngjxb_ge4aFkB.jpeg", "image3": "", "image4": "", "image5": ""}}, {"model": "saler.product", "pk": 14, "fields": {"product_id2": "pr0xe", "shop": 19, "product_name": "Men Tan Artificial Leather Wallet", "category": 1, "subcategory": "wallets", "price": 299, "price_not": 500, "desc": "Men Tan Artificial Leather Wallet", "gst": "3", "pub_date": "2020-12-31", "image1": "products/images/gitaktan-gitaktan-wallet-nice-purse-original-imafzgpwyrrsmweu.jpeg", "image2": "products/images/gitaktan-gitaktan-wallet-nice-purse-original-imafzgpw3bggkvec.jpeg", "image3": "", "image4": "", "image5": ""}}, {"model": "saler.product", "pk": 15, "fields": {"product_id2": "pr0xf", "shop": 19, "product_name": "Men Brown Genuine Leather RFID Wallet", "category": 1, "subcategory": "wallets", "price": 333, "price_not": 999, "desc": "Men Brown Genuine Leather RFID Wallet", "gst": "5", "pub_date": "2020-12-31", "image1": "products/images/kyle-ubf130chp1037-wallet-urban-forest-original-imafpmtvyh4n2thf.jpeg", "image2": "products/images/kyle-ubf130chp1037-wallet-urban-forest-original-imafpucfgdzbbuac.jpeg", "image3": "products/images/kyle-ubf130chp1037-wallet-urban-forest-original-imafpucfuuegndfz.jpeg", "image4": "", "image5": ""}}, {"model": "saler.product", "pk": 16, "fields": {"product_id2": "pr0x10", "shop": 19, "product_name": "Men Blue Genuine Leather RFID Wallet  (9 Card Slots)", "category": 1, "subcategory": "wallets", "price": 81, "price_not": 450, "desc": "Men Blue Genuine Leather RFID Wallet  (9 Card Slots)", "gst": "3", "pub_date": "2021-01-03", "image1": "products/images/rfid-protected-100-genuine-high-quality-mens-blue-hunter-leather-origin_ly6Bn8h.jpeg", "image2": "products/images/rfid-protected-100-genuine-high-quality-mens-blue-hunter-leather-origin_TBrKRq1.jpeg", "image3": "", "image4": "", "image5": ""}}, {"model": "saler.product", "pk": 17, "fields": {"product_id2": "pr0x11", "shop": 19, "product_name": "Bounder-Vertville Slip On Sneakers For Men  (Black)", "category": 5, "subcategory": "Shoes", "price": 232, "price_not": 233, "desc": "Bounder-Vertville Slip On Sneakers For Men  (Black)", "gst": "0", "pub_date": "2020-12-31", "image1": "products/images/52507-14-skechers-bbk-original-imafyv2fze3zagpy.jpeg", "image2": "products/images/52507-14-skechers-bbk-original-imafyv2fzgpf7xmr.jpeg", "image3": "", "image4": "", "image5": ""}}, {"model": "saler.product", "pk": 18, "fields": {"product_id2": "pr0x12", "shop": 19, "product_name": "General Science & Technology for Civil Services PT & Mains, State PSC, CDS, NDA, SSC, & other UPSC Exams 2nd Edition  (English, Paperback, Satya Prakash, Jai Kumar)", "category": 4, "subcategory": " Books ", "price": 300, "price_not": 302, "desc": "General Science & Technology for Civil Services PT & Mains, State PSC, CDS, NDA, SSC, & other UPSC Exams 2nd Edition  (English, Paperback, Satya Prakash, Jai Kumar)", "gst": "5", "pub_date": "2021-01-03", "image1": "products/images/general-science-technology-for-civil-services-pt-mains-state-psc-origin_R7WchMl.jpeg", "image2": "products/images/general-science-technology-for-civil-services-pt-mains-state-psc-origin_TWFXwuz.jpeg", "image3": "", "image4": "", "image5": ""}}, {"model": "saler.product", "pk": 19, "fields": {"product_id2": "pr0x13", "shop": 19, "product_name": "Objective General English  (English, Paperback, Bakshi S. P.)", "category": 4, "subcategory": " Books ", "price": 454, "price_not": 545, "desc": "Objective General English  (English, Paperback, Bakshi S. P.)", "gst": "5", "pub_date": "2021-01-03", "image1": "products/images/objective-general-english-original-imafspq6hcj4gghc.jpeg", "image2": "", "image3": "", "image4": "", "image5": ""}}, {"model": "saler.product", "pk": 20, "fields": {"product_id2": "pr0x14", "shop": 19, "product_name": "Fair High Speed Magic Stickerless 3x3x3 Cube  (1 Pieces)", "category": 3, "subcategory": "Toy", "price": 100, "price_not": 199, "desc": "Fair High Speed Magic Stickerless 3x3x3 Cube  (1 Pieces)", "gst": "5", "pub_date": "2021-01-03", "image1": "products/images/1-high-speed-stickerless-3x3-magic-rubik-cube-puzzle-game-toy-jk-origin_jvtjKpa.jpeg", "image2": "products/images/1-stickerless-3x3x3-high-speed-magic-rubik-cube-puzzle-toy-jerry-origin_elcTr4y.jpeg", "image3": "products/images/1-high-speed-magic-stickerless-3x3x3-rubik-s-cube-fair-original-imaf7ws_auyYkdr.jpeg", "image4": "", "image5": ""}}, {"model": "saler.product", "pk": 21, "fields": {"product_id2": "pr0x15", "shop": 19, "product_name": "Men Slim Fit Solid Mandarin Collar Casual Shirt", "category": 1, "subcategory": "sharts", "price": 900, "price_not": 999, "desc": "Men Slim Fit Solid Mandarin Collar Casual Shirt", "gst": "5", "pub_date": "2021-01-03", "image1": "products/images/39-sksh-120-md-fubar-original-imafteefqxybxvyh.jpeg", "image2": "products/images/39-sksh-120-md-fubar-original-imafteefrv6fsvb6.jpeg", "image3": "products/images/39-sksh-120-md-fubar-original-imafteefj2abshzm.jpeg", "image4": "", "image5": ""}}, {"model": "saler.product", "pk": 22, "fields": {"product_id2": "pr0x16", "shop": 19, "product_name": "Men Slim Fit Solid Mandarin Collar Casual Shirt", "category": 1, "subcategory": "sharts", "price": 455, "price_not": 555, "desc": "Men Slim Fit Solid Mandarin Collar Casual Shirt", "gst": "5", "pub_date": "2021-01-03", "image1": "products/images/m-sksh-110-bk-protocol-original-imaftrr6kfvrpznq.jpeg", "image2": "", "image3": "", "image4": "", "image5": ""}}, {"model": "saler.product", "pk": 23, "fields": {"product_id2": "pr0x17", "shop": 19, "product_name": "Men Slim Fit Solid Spread Collar Casual Shirt", "category": 1, "subcategory": "sharts", "price": 3435, "price_not": 6564, "desc": "Men Slim Fit Solid Spread Collar Casual Shirt", "gst": "3", "pub_date": "2021-01-03", "image1": "products/images/s-c301-white-dennis-lingo-original-imafw2ggrk5epcfu.jpeg", "image2": "", "image3": "", "image4": "", "image5": ""}}, {"model": "saler.product", "pk": 24, "fields": {"product_id2": "pr0x18", "shop": 19, "product_name": "Color Block, Striped Men Round Neck Blue, Yellow T-Shirt", "category": 1, "subcategory": "t-sharts", "price": 300, "price_not": 399, "desc": "Color Block, Striped Men Round Neck Blue, Yellow T-Shirt", "gst": "3", "pub_date": "2021-01-03", "image1": "products/images/s-101-try-this-original-imafuvgbqkvhtmwp.jpeg", "image2": "products/images/xxl-yst-try-this-original-imafvvbggzgfhfzx.jpeg", "image3": "", "image4": "", "image5": ""}}, {"model": "saler.product", "pk": 25, "fields": {"product_id2": "pr0x19", "shop": 19, "product_name": "Solid Men Mandarin Collar Maroon T-Shirt", "category": 1, "subcategory": "t-sharts", "price": 321, "price_not": 423, "desc": "Solid Men Mandarin Collar Maroon T-Shirt", "gst": "0", "pub_date": "2021-01-03", "image1": "products/images/m-collar-try-this-original-imafw2umbnq7hpcr.jpeg", "image2": "", "image3": "", "image4": "", "image5": ""}}, {"model": "saler.product", "pk": 26, "fields": {"product_id2": "pr0x1a", "shop": 19, "product_name": "Striped Men Hooded Neck Red, Black T-Shirt", "category": 1, "subcategory": "t-sharts", "price": 99, "price_not": 145, "desc": "Striped Men Hooded Neck Red, Black T-Shirt", "gst": "3", "pub_date": "2021-01-03", "image1": "products/images/-original-imafdfvvr8hqdu65.jpeg", "image2": "", "image3": "", "image4": "", "image5": ""}}, {"model": "saler.product", "pk": 27, "fields": {"product_id2": "pr0x1b", "shop": 19, "product_name": "Solid Women Round Neck White T-Shirt", "category": 2, "subcategory": "tshart", "price": 312, "price_not": 321, "desc": "Solid Women Round Neck White T-Shirt", "gst": "3", "pub_date": "2021-01-03", "image1": "products/images/xxl-wmlhs-025-wht-minimalist-clothing-original-imafuah6dfwgz5fv.jpeg", "image2": "products/images/xxl-wmlhs-025-wht-minimalist-clothing-original-imafuah6dydjqhrz.jpeg", "image3": "", "image4": "", "image5": ""}}, {"model": "saler.product", "pk": 28, "fields": {"product_id2": "pr0x1c", "shop": 19, "product_name": "Solid Women V Neck Black T-Shirt", "category": 2, "subcategory": "tshart", "price": 454, "price_not": 645, "desc": "Solid Women V Neck Black T-Shirt", "gst": "5", "pub_date": "2021-01-03", "image1": "products/images/l-3014-lf-original-imaezyd2a2ham6my.jpeg", "image2": "", "image3": "", "image4": "", "image5": ""}}, {"model": "saler.product", "pk": 29, "fields": {"product_id2": "pr0x1d", "shop": 19, "product_name": "Color Block Women Hooded Neck Yellow, Black, White T-Shirt", "category": 2, "subcategory": "tshart", "price": 123, "price_not": 321, "desc": "Color Block Women Hooded Neck Yellow, Black, White T-Shirt", "gst": "5", "pub_date": "2021-01-03", "image1": "products/images/xl-ww-3part-hood-mustard-tap-in-original-imafn3hgtzjvenjf.jpeg", "image2": "", "image3": "", "image4": "", "image5": ""}}, {"model": "saler.product", "pk": 30, "fields": {"product_id2": "pr0x1e", "shop": 19, "product_name": "Printed, Geometric Print Women Round Neck White T-Shirt", "category": 2, "subcategory": "tshart", "price": 252, "price_not": 525, "desc": "Printed, Geometric Print Women Round Neck White T-Shirt", "gst": "3", "pub_date": "2021-01-03", "image1": "products/images/s-w09-fst-crack-white-lewel-original-imafw2gxzqw9xtzb.jpeg", "image2": "products/images/m-w09-fs-crack-white-lewel-original-imafpyzrhwd4wpgs.jpeg", "image3": "products/images/s-w09-fs-crack-white-lewel-original-imafpyzrtwr8hygk.jpeg", "image4": "products/images/xl-w09-fs-crack-white-lewel-original-imafpyzrvstztfh9.jpeg", "image5": "products/images/xl-w09-fs-crack-white-lewel-original-imafpyzrsgszczxf.jpeg"}}, {"model": "saler.product", "pk": 31, "fields": {"product_id2": "pr0x1f", "shop": 19, "product_name": "Girls Maroon Genuine Leather Wallet  (7 Card Slots)", "category": 2, "subcategory": "wallets", "price": 500, "price_not": 599, "desc": "Girls Maroon Genuine Leather Wallet  (7 Card Slots)", "gst": "5", "pub_date": "2021-01-03", "image1": "products/images/8125abdq1-card-holder-abys-original-imafym55bf7wnba2.jpeg", "image2": "products/images/8125abdq1-card-holder-abys-original-imafw3abzd3q34jr.jpeg", "image3": "products/images/8125abdq1-card-holder-abys-original-imafw3abztsgzp2f.jpeg", "image4": "products/images/8125abdq1-card-holder-abys-original-imafynys2yfkwkmf.jpeg", "image5": "products/images/8125abdq1-card-holder-abys-original-imafynysp4xagnt6.jpeg"}}, {"model": "saler.product", "pk": 32, "fields": {"product_id2": "pr0x20", "shop": 19, "product_name": "Girls Beige Hand-held Bag  (Pack of: 4)", "category": 2, "subcategory": "wallets", "price": 500, "price_not": 600, "desc": "Girls Beige Hand-held Bag  (Pack of: 4)", "gst": "5", "pub_date": "2021-01-03", "image1": "products/images/women-s-synthetic-leather-handbag-and-sling-bags-combo-of-4-qf-n-origin_xgU2Iu2.jpeg", "image2": "", "image3": "", "image4": "", "image5": ""}}, {"model": "saler.product", "pk": 33, "fields": {"product_id2": "pr0x21", "shop": 19, "product_name": "Marvel Spider-Man Bat, Ball & Stumps My First Cricket Kit", "category": 4, "subcategory": "Sports", "price": 100, "price_not": 101, "desc": "Marvel Spider-Man Bat, Ball & Stumps My First Cricket Kit", "gst": "5", "pub_date": "2021-01-03", "image1": "products/images/spiderman-small-bat-ball-wicket-set-plastic-cricket-marvel-original-ima_CwUPfyI.jpeg", "image2": "", "image3": "", "image4": "", "image5": ""}}, {"model": "saler.product", "pk": 34, "fields": {"product_id2": "pr0x22", "shop": 19, "product_name": "Doraemon My first Racket Set Badminton Kit", "category": 3, "subcategory": "Toy", "price": 500, "price_not": 533, "desc": "Doraemon My first Racket Set Badminton Kit", "gst": "5", "pub_date": "2021-01-03", "image1": "products/images/8906054463506-badminton-doraemon-original-imafy3pfzs2fdgne.jpeg", "image2": "", "image3": "", "image4": "", "image5": ""}}, {"model": "saler.product", "pk": 35, "fields": {"product_id2": "pr0x23", "shop": 19, "product_name": "Marvel Spiderman My First Hockey Kit", "category": 3, "subcategory": "Toy", "price": 123, "price_not": 321, "desc": "Marvel Spiderman My First Hockey Kit", "gst": "5", "pub_date": "2021-01-03", "image1": "products/images/8906054462899spidermanhockey-hockey-kit-marvel-original-imafk4yureahxjsf.jpeg", "image2": "", "image3": "", "image4": "", "image5": ""}}, {"model": "saler.product", "pk": 36, "fields": {"product_id2": "pr0x24", "shop": 19, "product_name": "M kids Hot Fire Soft Bullet Toy Gun7643 Guns & Darts  (Multicolor)", "category": 3, "subcategory": "Toy", "price": 454, "price_not": 455, "desc": "M kids Hot Fire Soft Bullet Toy Gun7643 Guns & Darts  (Multicolor)", "gst": "3", "pub_date": "2021-01-03", "image1": "products/images/kids-hot-fire-soft-bullet-toy-gun7643-m-original-imaew92y2nksx6ad.jpeg", "image2": "", "image3": "", "image4": "", "image5": ""}}, {"model": "saler.product", "pk": 37, "fields": {"product_id2": "pr0x25", "shop": 19, "product_name": "SHRIBOSSJI BOXING PUNCHING BAG KIT FOR KIDS (CHARACTERS MAY VARY) Boxing", "category": 3, "subcategory": "Toy", "price": 544, "price_not": 555, "desc": "SHRIBOSSJI BOXING PUNCHING BAG KIT FOR KIDS (CHARACTERS MAY VARY) Boxing", "gst": "12", "pub_date": "2021-01-03", "image1": "products/images/spiderman-boxing-shribossji-original-imaffzpg4grzh6zx.jpeg", "image2": "", "image3": "", "image4": "", "image5": ""}}, {"model": "saler.product", "pk": 38, "fields": {"product_id2": "pr0x26", "shop": 19, "product_name": "Toy Shopee Archery Kit", "category": 3, "subcategory": "Toy", "price": 500, "price_not": 600, "desc": "Toy Shopee Archery Kit", "gst": "5", "pub_date": "2021-01-03", "image1": "products/images/bow-and-arrow-toy-set-with-3-suction-arrow-archery-kit-archery-original_502ifMm.jpeg", "image2": "", "image3": "", "image4": "", "image5": ""}}, {"model": "saler.product", "pk": 39, "fields": {"product_id2": "pr0x27", "shop": 19, "product_name": "Lace Sneakers For Girls  (Pink)", "category": 5, "subcategory": "Shoes", "price": 5000, "price_not": 6000, "desc": "Lace Sneakers For Girls  (Pink)", "gst": "5", "pub_date": "2021-01-03", "image1": "products/images/for-u-38-shoetopia-pink-original-imafkmfxbereqfh9.jpeg", "image2": "products/images/7-kids-for-u-shoetopia-original-imafphftzhgxjrfg.jpeg", "image3": "products/images/for-u-38-shoetopia-pink-original-imafkmfxkwwytzas.jpeg", "image4": "products/images/for-u-38-shoetopia-pink-original-imafkmfxsehwhgyp.jpeg", "image5": "products/images/for-u-38-shoetopia-pink-original-imafkmfxypjzzxey.jpeg"}}, {"model": "saler.product", "pk": 40, "fields": {"product_id2": "pr0x28", "shop": 19, "product_name": "Zip Casual Boots For Girls  (White)", "category": 5, "subcategory": "Shoes", "price": 323, "price_not": 432, "desc": "Zip Casual Boots For Girls  (White", "gst": "3", "pub_date": "2021-01-03", "image1": "products/images/1-aj-001-wls-aj-mart-foot-care-original-imafme4wdpnrqtyj.jpeg", "image2": "", "image3": "", "image4": "", "image5": ""}}, {"model": "saler.product", "pk": 41, "fields": {"product_id2": "pr0x29", "shop": 19, "product_name": "Prro Robot to Car Converting Transformer Toy For Kids  (Yellow)", "category": 3, "subcategory": "Toy", "price": 1000, "price_not": 1001, "desc": "Prro Robot to Car Converting Transformer Toy For Kids  (Yellow)", "gst": "5", "pub_date": "2021-01-03", "image1": "products/images/unique-robot-deform-super-speed-car-with-3d-special-light-yellow-origin_nLWZs5J.jpeg", "image2": "", "image3": "", "image4": "", "image5": ""}}, {"model": "saler.productsize", "pk": 15, "fields": {"product": 10, "size": "6", "quantity": 12}}, {"model": "saler.productsize", "pk": 16, "fields": {"product": 10, "size": "7", "quantity": 12}}, {"model": "saler.productsize", "pk": 17, "fields": {"product": 10, "size": "8", "quantity": 12}}, {"model": "saler.productsize", "pk": 18, "fields": {"product": 11, "size": "7", "quantity": 21}}, {"model": "saler.productsize", "pk": 19, "fields": {"product": 11, "size": "8", "quantity": 12}}, {"model": "saler.productsize", "pk": 20, "fields": {"product": 12, "size": "7", "quantity": 12}}, {"model": "saler.productsize", "pk": 21, "fields": {"product": 12, "size": "8", "quantity": 12}}, {"model": "saler.productsize", "pk": 22, "fields": {"product": 12, "size": "9", "quantity": 20}}, {"model": "saler.productsize", "pk": 27, "fields": {"product": 17, "size": "7", "quantity": 52}}, {"model": "saler.productsize", "pk": 28, "fields": {"product": 21, "size": "M", "quantity": 17}}, {"model": "saler.productsize", "pk": 29, "fields": {"product": 21, "size": "L", "quantity": 67}}, {"model": "saler.productsize", "pk": 30, "fields": {"product": 21, "size": "XL", "quantity": 34}}, {"model": "saler.productsize", "pk": 31, "fields": {"product": 21, "size": "XXL", "quantity": 32}}, {"model": "saler.productsize", "pk": 32, "fields": {"product": 22, "size": "M", "quantity": 54}}, {"model": "saler.productsize", "pk": 33, "fields": {"product": 23, "size": "M", "quantity": 54}}, {"model": "saler.productsize", "pk": 34, "fields": {"product": 24, "size": "M", "quantity": 65}}, {"model": "saler.productsize", "pk": 35, "fields": {"product": 25, "size": "XL", "quantity": 10}}, {"model": "saler.productsize", "pk": 36, "fields": {"product": 26, "size": "XL", "quantity": 19}}, {"model": "saler.productsize", "pk": 37, "fields": {"product": 27, "size": "M", "quantity": 21}}, {"model": "saler.productsize", "pk": 38, "fields": {"product": 28, "size": "M", "quantity": 8}}, {"model": "saler.productsize", "pk": 39, "fields": {"product": 29, "size": "M", "quantity": 32}}, {"model": "saler.productsize", "pk": 40, "fields": {"product": 30, "size": "M", "quantity": 32}}, {"model": "saler.productsize", "pk": 41, "fields": {"product": 30, "size": "L", "quantity": 32}}, {"model": "saler.productsize", "pk": 42, "fields": {"product": 30, "size": "XL", "quantity": 36}}, {"model": "saler.productsize", "pk": 43, "fields": {"product": 39, "size": "5", "quantity": 21}}, {"model": "saler.productsize", "pk": 44, "fields": {"product": 39, "size": "6", "quantity": 32}}, {"model": "saler.productsize", "pk": 45, "fields": {"product": 40, "size": "6", "quantity": 12}}, {"model": "saler.productreview", "pk": 1, "fields": {"user": 20, "product": 14, "review": "nice", "time": "2021-01-02T18:46:04.859Z"}}, {"model": "saler.productreview", "pk": 2, "fields": {"user": 20, "product": 14, "review": "thora sa achha hai", "time": "2021-01-02T18:46:19.686Z"}}, {"model": "saler.productreview", "pk": 3, "fields": {"user": 20, "product": 15, "review": "mst hai bahi", "time": "2021-01-02T18:46:42.156Z"}}, {"model": "saler.productreview", "pk": 4, "fields": {"user": 20, "product": 15, "review": "ads", "time": "2021-01-02T18:48:14.802Z"}}, {"model": "saler.productreview", "pk": 5, "fields": {"user": 20, "product": 15, "review": "test", "time": "2021-01-02T18:49:07.343Z"}}, {"model": "saler.productreview", "pk": 6, "fields": {"user": 20, "product": 17, "review": "helo", "time": "2021-01-02T18:58:14.917Z"}}, {"model": "saler.productreview", "pk": 7, "fields": {"user": 20, "product": 20, "review": "nice", "time": "2021-01-02T20:34:57.736Z"}}, {"model": "saler.productreview", "pk": 8, "fields": {"user": 20, "product": 24, "review": "nice one", "time": "2021-01-03T06:33:08.462Z"}}, {"model": "saler.productreview", "pk": 9, "fields": {"user": 20, "product": 21, "review": "mst hai bhai", "time": "2021-01-03T09:20:34.624Z"}}, {"model": "saler.wholesaleproduct", "pk": 11, "fields": {"product_name": "Men Brown Genuine Leather RFID Wallet", "category": 1, "subcategory": "Wallet", "price": 100, "desc": "Wallet", "size": "0", "color": "Red,Brown", "min_Quantity": 10, "pub_date": "2020-12-31", "image1": "products/images/kyle-ubf130chp1037-wallet-urban-forest-original-imafpucfuuegndfz_4aciFgf.jpeg", "image2": "", "image3": "", "image4": "", "image5": ""}}, {"model": "saler.wholesaleproduct", "pk": 12, "fields": {"product_name": "Men Blue Genuine Leather RFID Wallet", "category": 1, "subcategory": "Wallet", "price": 100, "desc": "Wallet", "size": "1", "color": "Red,Brown", "min_Quantity": 10, "pub_date": "2020-12-31", "image1": "products/images/rfid-protected-100-genuine-high-quality-mens-blue-hunter-leather-origin_dS0MeGE.jpeg", "image2": "", "image3": "", "image4": "", "image5": ""}}, {"model": "saler.wholesaleproduct", "pk": 13, "fields": {"product_name": "Amazon Brand - Symbol Men's Regular Fit Casual Shirt", "category": 1, "subcategory": "Shirt", "price": 500, "desc": "Shirt", "size": "M,L,XL", "color": "B", "min_Quantity": 11, "pub_date": "2021-01-03", "image1": "products/images/31m5sJDmpGL._SX342_SY445_.jpg", "image2": "", "image3": "", "image4": "", "image5": ""}}, {"model": "saler.wholesaleproduct", "pk": 14, "fields": {"product_name": "ABH LIFESTYLE Men's Regular fit Casual Shirt", "category": 1, "subcategory": "Shirt", "price": 656, "desc": "Shirt", "size": "M", "color": "R", "min_Quantity": 16, "pub_date": "2021-01-03", "image1": "products/images/71DlScV1fEL._UY741_.jpg", "image2": "", "image3": "", "image4": "", "image5": ""}}, {"model": "saler.wholesaleproduct", "pk": 15, "fields": {"product_name": "ASIAN Century-12 Running,Walking,Sports Shoes for Men", "category": 1, "subcategory": "Shoes", "price": 550, "desc": "Shoes", "size": "5,6,7,8", "color": "B", "min_Quantity": 5, "pub_date": "2021-01-03", "image1": "products/images/61tnhUkmpL._UY625_.jpg", "image2": "", "image3": "", "image4": "", "image5": ""}}, {"model": "saler.wholesaleproduct", "pk": 16, "fields": {"product_name": "Vector X Attacke Shirt", "category": 1, "subcategory": "Shirt", "price": 444, "desc": "Vector X Attacke", "size": "M", "color": "r", "min_Quantity": 6, "pub_date": "2021-01-03", "image1": "products/images/m-sksh-110-bk-protocol-original-imaftrr6kfvrpznq_Hi9qHpv.jpeg", "image2": "", "image3": "", "image4": "", "image5": ""}}, {"model": "saler.wholesaleproductorders", "pk": 9, "fields": {"order_id": "WSPOrder001", "user": 19, "products": "12|10,", "status": "Delivered"}}, {"model": "saler.trend", "pk": 11, "fields": {"product": 12, "number": 3}}, {"model": "saler.trend", "pk": 12, "fields": {"product": 14, "number": 7}}, {"model": "saler.trend", "pk": 13, "fields": {"product": 10, "number": 5}}, {"model": "saler.trend", "pk": 14, "fields": {"product": 15, "number": 2}}, {"model": "saler.trend", "pk": 15, "fields": {"product": 16, "number": 5}}, {"model": "saler.trend", "pk": 16, "fields": {"product": 13, "number": 1}}, {"model": "saler.trend", "pk": 17, "fields": {"product": 11, "number": 3}}, {"model": "saler.trend", "pk": 18, "fields": {"product": 20, "number": 5}}, {"model": "saler.trend", "pk": 19, "fields": {"product": 21, "number": 2}}, {"model": "saler.trend", "pk": 20, "fields": {"product": 39, "number": 4}}, {"model": "saler.trend", "pk": 21, "fields": {"product": 25, "number": 12}}, {"model": "saler.trend", "pk": 22, "fields": {"product": 30, "number": 18}}, {"model": "saler.trend", "pk": 23, "fields": {"product": 27, "number": 13}}, {"model": "saler.trend", "pk": 24, "fields": {"product": 38, "number": 1}}, {"model": "saler.trend", "pk": 25, "fields": {"product": 29, "number": 1}}, {"model": "saler.trend", "pk": 26, "fields": {"product": 36, "number": 1}}, {"model": "saler.trend", "pk": 27, "fields": {"product": 31, "number": 1}}, {"model": "saler.trend", "pk": 28, "fields": {"product": 23, "number": 1}}, {"model": "saler.mycart", "pk": 144, "fields": {"user": 19, "product_id": "13", "number": 11}}, {"model": "saler.mycart", "pk": 145, "fields": {"user": 19, "product_id": "11", "number": 20}}, {"model": "saler.orders", "pk": 43, "fields": {"order_id": "ordr001", "saler": "9771749771", "user": 20, "products": "15|1,", "size": "0", "status": "Cancel"}}, {"model": "saler.orders", "pk": 44, "fields": {"order_id": "ordr44", "saler": "9771749771", "user": 20, "products": "13|1,", "size": "0", "status": "Cancel"}}, {"model": "saler.orders", "pk": 45, "fields": {"order_id": "ordr45", "saler": "9771749771", "user": 20, "products": "11|1,", "size": "8", "status": ""}}, {"model": "saler.orders", "pk": 46, "fields": {"order_id": "ordr46", "saler": "9771749771", "user": 20, "products": "14|1,", "size": "0", "status": ""}}, {"model": "saler.orders", "pk": 47, "fields": {"order_id": "ordr47", "saler": "9771749771", "user": 20, "products": "14|1,", "size": "0", "status": ""}}, {"model": "saler.orders", "pk": 48, "fields": {"order_id": "ordr48", "saler": "9771749771", "user": 20, "products": "12|1,", "size": "8", "status": ""}}, {"model": "saler.orders", "pk": 49, "fields": {"order_id": "ordr49", "saler": "9771749771", "user": 20, "products": "16|1,", "size": null, "status": ""}}, {"model": "saler.orders", "pk": 50, "fields": {"order_id": "ordr50", "saler": "9771749771", "user": 20, "products": "16|1,", "size": null, "status": ""}}, {"model": "saler.orders", "pk": 51, "fields": {"order_id": "ordr51", "saler": "9771749771", "user": 20, "products": "14|1,", "size": null, "status": ""}}, {"model": "saler.orders", "pk": 52, "fields": {"order_id": "ordr52", "saler": "9771749771", "user": 20, "products": "16|2,", "size": "", "status": ""}}, {"model": "saler.orders", "pk": 53, "fields": {"order_id": "ordr53", "saler": "9771749771", "user": 20, "products": "14|1,", "size": "", "status": ""}}, {"model": "saler.orders", "pk": 54, "fields": {"order_id": "ordr54", "saler": "9771749771", "user": 20, "products": "20|1,", "size": null, "status": ""}}, {"model": "saler.orders", "pk": 55, "fields": {"order_id": "ordr55", "saler": "9771749771", "user": 20, "products": "20|1,", "size": null, "status": "Cancel"}}, {"model": "saler.orders", "pk": 56, "fields": {"order_id": "ordr56", "saler": "9771749771", "user": 20, "products": "21|1,", "size": "XXL", "status": ""}}, {"model": "saler.orders", "pk": 57, "fields": {"order_id": "ordr57", "saler": "9771749771", "user": 20, "products": "21|1,", "size": "XXL", "status": ""}}, {"model": "saler.orders", "pk": 58, "fields": {"order_id": "ordr58", "saler": "9771749771", "user": 20, "products": "39|1,", "size": "6", "status": ""}}, {"model": "saler.orders", "pk": 59, "fields": {"order_id": "ordr59", "saler": "9771749771", "user": 20, "products": "25|1,", "size": "XL", "status": ""}}, {"model": "saler.orders", "pk": 60, "fields": {"order_id": "ordr60", "saler": "9771749771", "user": 20, "products": "30|1,", "size": "L", "status": ""}}, {"model": "saler.orders", "pk": 61, "fields": {"order_id": "ordr61", "saler": "9771749771", "user": 20, "products": "27|1,", "size": "M", "status": ""}}, {"model": "saler.orders", "pk": 62, "fields": {"order_id": "ordr62", "saler": "9771749771", "user": 20, "products": "39|1,", "size": "6", "status": ""}}, {"model": "saler.orders", "pk": 63, "fields": {"order_id": "ordr63", "saler": "9771749771", "user": 20, "products": "10|1,", "size": "7", "status": ""}}, {"model": "saler.orders", "pk": 64, "fields": {"order_id": "ordr64", "saler": "9771749771", "user": 20, "products": "10|1,", "size": "7", "status": ""}}, {"model": "saler.orders", "pk": 65, "fields": {"order_id": "ordr65", "saler": "9771749771", "user": 20, "products": "38|1,", "size": null, "status": ""}}, {"model": "saler.orders", "pk": 66, "fields": {"order_id": "ordr66", "saler": "9771749771", "user": 20, "products": "29|3,", "size": "M", "status": ""}}, {"model": "saler.orders", "pk": 67, "fields": {"order_id": "ordr67", "saler": "9771749771", "user": 20, "products": "36|5,", "size": "", "status": ""}}, {"model": "saler.orders", "pk": 68, "fields": {"order_id": "ordr68", "saler": "9771749771", "user": 20, "products": "31|1,", "size": null, "status": "On The Way"}}, {"model": "saler.orders", "pk": 69, "fields": {"order_id": "ordr69", "saler": "9771749771", "user": 21, "products": "23|2,", "size": "", "status": ""}}, {"model": "saler.orders", "pk": 70, "fields": {"order_id": "ordr70", "saler": "9771749771", "user": 21, "products": "23|2,", "size": "M", "status": ""}}]